Id,LotFrontage,LotArea,Street,LotShape,Utilities,MSSubClass,MSZoning,LotConfig,LandSlope,Neighborhood,BldgType,HouseStyle,OverallQual,OverallCond,YearBuilt,YearRemodAdd,RoofStyle,RoofMatl,Exterior1st,Exterior2nd,MasVnrType,MasVnrArea,ExterQual,ExterCond,Foundation,BsmtQual,BsmtCond,BsmtExposure,BsmtFinType1,BsmtFinSF1,BsmtFinType2,BsmtFinSF2,BsmtUnfSF,TotalBsmtSF,Heating,HeatingQC,CentralAir,Electrical,1stFlrSF,2ndFlrSF,LowQualFinSF,GrLivArea,BsmtFullBath,BsmtHalfBath,FullBath,HalfBath,BedroomAbvGr,KitchenAbvGr,KitchenQual,TotRmsAbvGrd,Functional,Fireplaces,FireplaceQu,GarageType,GarageYrBlt,GarageFinish,GarageCars,GarageArea,GarageQual,GarageCond,PavedDrive,WoodDeckSF,OpenPorchSF,EnclosedPorch,3SsnPorch,ScreenPorch,PoolArea,PoolQC,Fence,MiscFeature,MiscVal,MoSold,YrSold,SaleType,SaleCondition,MiscFeature2,PriceRate
1211,70,11218,Pave,Reg,AllPub,60,RL,Inside,Gtl,SawyerW,1Fam,2Story,6,5,1992,1992,Gable,CompShg,Wd Sdng,Wd Sdng,None,0,Gd,TA,PConc,Gd,TA,No,Unf,0,Unf,0,1055,1055,GasA,Ex,Y,SBrkr,1055,790,0,1845,0,0,2,1,3,1,Gd,8,Typ,1,TA,Attchd,1992,RFn,2,462,TA,TA,Y,635,104,0,0,0,0,,GdPrv,Shed,400,5,2010,WD,Normal,"{'f1': 'Norm', 'f2': 'Lvl', 'f3': 'Norm'}",moderate
1212,152,12134,Pave,IR1,AllPub,50,RL,Inside,Mod,Gilbert,1Fam,1.5Fin,8,7,1988,2005,Gable,CompShg,Wd Sdng,Wd Sdng,None,0,Gd,TA,Wood,Gd,TA,Av,GLQ,427,Unf,0,132,559,GasA,Gd,Y,SBrkr,1080,672,0,1752,0,0,2,0,4,1,TA,8,Typ,0,,Basment,1988,RFn,2,492,TA,TA,Y,325,12,0,0,0,0,,,,0,6,2010,WD,Normal,"{'f1': 'Norm', 'f2': 'Lvl', 'f3': 'Feedr'}",moderate
1213,50,9340,Pave,Reg,AllPub,30,RL,Inside,Gtl,Edwards,1Fam,1Story,4,6,1941,1950,Hip,CompShg,MetalSd,MetalSd,None,0,TA,TA,CBlock,TA,TA,No,Rec,344,Unf,0,328,672,GasA,TA,Y,SBrkr,672,0,0,672,1,0,1,0,2,1,TA,4,Typ,0,,Attchd,1941,Unf,1,234,TA,TA,N,0,113,0,0,0,0,,,,0,8,2009,WD,Normal,"{'f1': 'Norm', 'f2': 'Lvl', 'f3': 'Norm'}",cheap
1214,,10246,Pave,IR1,AllPub,80,RL,CulDSac,Gtl,Sawyer,1Fam,SLvl,4,9,1965,2001,Gable,CompShg,VinylSd,VinylSd,None,0,TA,Gd,CBlock,TA,Gd,Av,GLQ,648,Unf,0,0,648,GasA,Ex,Y,SBrkr,960,0,0,960,1,1,0,0,0,1,TA,3,Typ,0,,Attchd,1965,Unf,1,364,TA,TA,Y,88,0,0,0,0,0,,,,0,5,2006,WD,Normal,"{'f1': 'Norm', 'f2': 'Lvl', 'f3': 'Norm'}",moderate
1215,69,10205,Pave,IR1,AllPub,85,RL,Inside,Gtl,NAmes,1Fam,SFoyer,5,5,1962,1962,Gable,CompShg,MetalSd,MetalSd,None,0,TA,TA,CBlock,TA,TA,Av,BLQ,784,Unf,0,141,925,GasA,TA,Y,SBrkr,999,0,0,999,1,0,1,0,3,1,TA,6,Typ,0,,Attchd,1962,Unf,1,300,TA,TA,Y,150,72,0,0,0,0,,,,0,5,2006,WD,Normal,"{'f1': 'Norm', 'f2': 'Lvl', 'f3': 'Norm'}",moderate
1216,99,7094,Pave,IR1,AllPub,20,RL,Inside,Gtl,Sawyer,1Fam,1Story,5,5,1966,1966,Gable,CompShg,VinylSd,VinylSd,None,0,TA,TA,CBlock,TA,TA,No,Rec,180,LwQ,374,340,894,GasA,TA,Y,SBrkr,894,0,0,894,0,0,1,0,3,1,TA,5,Typ,0,,Detchd,1966,RFn,1,384,TA,TA,Y,0,0,0,0,0,0,,MnPrv,,0,5,2007,WD,Normal,"{'f1': 'Norm', 'f2': 'Lvl', 'f3': 'Norm'}",moderate
1217,68,8930,Pave,Reg,AllPub,90,RM,Inside,Gtl,Sawyer,Duplex,1.5Fin,6,5,1978,1978,Gable,CompShg,VinylSd,VinylSd,None,0,TA,TA,Slab,,,,,0,,0,0,0,GasA,TA,Y,SBrkr,1318,584,0,1902,0,0,2,0,4,2,TA,8,Typ,0,,Attchd,1978,Unf,2,539,TA,TA,Y,0,0,0,0,0,0,,,,0,4,2010,WD,Normal,"{'f1': 'Norm', 'f2': 'Lvl', 'f3': 'Norm'}",cheap
1218,72,8640,Pave,Reg,AllPub,20,FV,Inside,Gtl,Somerst,1Fam,1Story,8,5,2009,2009,Gable,CompShg,CemntBd,CmentBd,Stone,72,Gd,TA,PConc,Gd,TA,Mn,GLQ,936,Unf,0,364,1300,GasA,Ex,Y,SBrkr,1314,0,0,1314,1,0,2,0,3,1,Gd,6,Typ,0,,Attchd,2009,RFn,2,552,TA,TA,Y,135,112,0,0,0,0,,,,0,9,2009,New,Partial,"{'f1': 'Norm', 'f2': 'Lvl', 'f3': 'PosN'}",moderate
1219,52,6240,Pave,Reg,AllPub,50,RM,Inside,Gtl,BrkSide,1Fam,1.5Fin,4,5,1947,1950,Gable,CompShg,AsbShng,AsbShng,None,0,TA,TA,Slab,,,,,0,,0,0,0,GasA,Gd,N,SBrkr,672,240,0,912,0,0,1,0,2,1,TA,3,Typ,0,,,,,0,0,,,N,0,0,0,0,0,0,,,,0,7,2006,WD,Normal,"{'f1': 'Norm', 'f2': 'Lvl', 'f3': 'Artery'}",cheap
1220,21,1680,Pave,Reg,AllPub,160,RM,Inside,Gtl,BrDale,Twnhs,2Story,6,5,1971,1971,Gable,CompShg,CemntBd,CmentBd,BrkFace,236,TA,TA,CBlock,TA,TA,No,Unf,0,Unf,0,672,672,GasA,TA,Y,SBrkr,672,546,0,1218,0,0,1,1,3,1,TA,7,Typ,0,,,,,0,0,,,N,201,0,0,0,0,0,,,,0,4,2006,WD,Abnorml,"{'f1': 'Artery', 'f2': 'Lvl', 'f3': 'Artery'}",cheap
1221,66,7800,Pave,IR1,AllPub,20,RL,Inside,Gtl,NAmes,1Fam,1Story,5,5,1964,1964,Gable,CompShg,Wd Sdng,Wd Sdng,None,0,TA,TA,CBlock,TA,TA,No,Rec,312,LwQ,600,0,912,GasA,TA,Y,SBrkr,912,0,0,912,0,0,1,0,2,1,TA,5,Typ,0,,Attchd,1964,Unf,1,288,TA,TA,Y,0,0,0,0,0,0,,,,0,11,2006,WD,Abnorml,"{'f1': 'Norm', 'f2': 'Lvl', 'f3': 'Norm'}",cheap
1222,55,8250,Pave,Reg,AllPub,20,RL,Inside,Gtl,Sawyer,1Fam,1Story,5,5,1968,1968,Hip,CompShg,HdBoard,HdBoard,None,0,TA,TA,CBlock,TA,TA,No,BLQ,250,LwQ,492,210,952,GasA,Ex,Y,SBrkr,1211,0,0,1211,0,0,1,0,3,1,TA,5,Typ,1,TA,Attchd,1968,Unf,1,322,TA,TA,Y,0,63,0,0,0,0,,,,0,8,2008,WD,Normal,"{'f1': 'Norm', 'f2': 'Lvl', 'f3': 'Norm'}",moderate
1223,78,10496,Pave,Reg,AllPub,50,RL,Inside,Gtl,NAmes,1Fam,1.5Fin,6,6,1949,1950,Gable,CompShg,Wd Sdng,Wd Sdng,BrkFace,320,TA,TA,CBlock,TA,TA,Mn,Rec,196,Unf,0,844,1040,GasA,Ex,Y,SBrkr,1168,678,0,1846,0,0,2,0,3,1,TA,7,Typ,1,Gd,Attchd,1949,Unf,1,315,TA,TA,Y,0,0,0,0,0,0,,GdWo,,0,1,2007,WD,Normal,"{'f1': 'Norm', 'f2': 'Lvl', 'f3': 'Norm'}",moderate
1224,89,10680,Pave,Reg,AllPub,20,RL,Inside,Gtl,NAmes,1Fam,1Story,5,3,1951,1951,Hip,CompShg,Wd Sdng,Wd Sdng,BrkFace,44,TA,TA,CBlock,TA,Fa,No,LwQ,756,Unf,0,1380,2136,GasA,TA,N,FuseA,2136,0,0,2136,0,0,2,0,4,1,TA,7,Mod,0,,Detchd,1951,Unf,2,528,TA,TA,Y,0,30,0,0,0,0,,MnPrv,,0,10,2006,WD,Normal,"{'f1': 'Norm', 'f2': 'Lvl', 'f3': 'Norm'}",moderate
1225,60,15384,Pave,IR1,AllPub,60,RL,Inside,Gtl,Gilbert,1Fam,2Story,7,5,2004,2005,Gable,CompShg,VinylSd,VinylSd,None,0,Gd,TA,PConc,Gd,TA,Av,GLQ,724,Unf,0,64,788,GasA,Ex,Y,SBrkr,788,702,0,1490,1,0,2,1,3,1,Gd,8,Typ,1,Gd,Attchd,2004,Fin,2,388,TA,TA,Y,100,75,0,0,0,0,,,,0,2,2008,WD,Normal,"{'f1': 'Norm', 'f2': 'Lvl', 'f3': 'Norm'}",moderate
1226,65,10482,Pave,Reg,AllPub,80,RL,Inside,Gtl,NAmes,1Fam,SLvl,6,8,1958,1958,Hip,CompShg,VinylSd,VinylSd,BrkFace,63,TA,Gd,CBlock,TA,TA,Av,GLQ,507,Unf,0,81,588,GasA,Ex,Y,SBrkr,1138,0,0,1138,0,1,1,0,3,1,TA,6,Typ,0,,Attchd,1958,RFn,1,264,TA,TA,Y,224,0,0,0,0,0,,MnWw,,0,6,2007,WD,Normal,"{'f1': 'Norm', 'f2': 'Lvl', 'f3': 'Norm'}",moderate
1227,86,14598,Pave,IR1,AllPub,60,RL,CulDSac,Gtl,Somerst,1Fam,2Story,6,5,2007,2007,Gable,CompShg,VinylSd,VinylSd,Stone,74,Gd,TA,PConc,Gd,TA,Mn,Unf,0,Unf,0,894,894,GasA,Ex,Y,SBrkr,894,1039,0,1933,0,0,2,1,4,1,Gd,9,Typ,1,Gd,BuiltIn,2007,Fin,3,668,TA,TA,Y,100,18,0,0,0,0,,,,0,1,2008,WD,Normal,"{'f1': 'Norm', 'f2': 'Lvl', 'f3': 'Norm'}",moderate
1228,72,8872,Pave,Reg,AllPub,20,RL,Corner,Gtl,NAmes,1Fam,1Story,5,8,1965,2008,Gable,CompShg,VinylSd,VinylSd,BrkFace,300,TA,TA,CBlock,TA,TA,No,ALQ,595,Unf,0,317,912,GasA,Ex,Y,SBrkr,912,0,0,912,1,0,1,0,2,1,Gd,5,Typ,0,,Detchd,1992,Unf,2,576,TA,TA,Y,0,240,0,0,0,0,,,,0,12,2008,WD,Normal,"{'f1': 'Norm', 'f2': 'Lvl', 'f3': 'Norm'}",moderate
1229,65,8769,Pave,Reg,AllPub,120,RL,Corner,Gtl,NridgHt,TwnhsE,1Story,9,5,2008,2008,Hip,CompShg,MetalSd,MetalSd,BrkFace,766,Ex,TA,PConc,Ex,TA,No,GLQ,1540,Unf,0,162,1702,GasA,Ex,Y,SBrkr,1702,0,0,1702,1,0,1,1,1,1,Ex,7,Typ,1,Gd,Attchd,2008,Fin,3,1052,TA,TA,Y,0,72,0,0,224,0,,,,0,10,2008,New,Partial,"{'f1': 'Norm', 'f2': 'Lvl', 'f3': 'RRAe'}",expensive
1230,70,7910,Pave,Reg,AllPub,80,RL,Inside,Gtl,NAmes,1Fam,SLvl,5,5,1960,1960,Hip,CompShg,BrkFace,HdBoard,None,0,TA,TA,CBlock,TA,TA,No,ALQ,666,Unf,0,409,1075,GasA,Gd,Y,SBrkr,1507,0,0,1507,0,0,2,0,4,1,TA,7,Maj1,0,,Basment,1960,Unf,1,404,TA,TA,Y,0,0,0,0,0,0,,GdWo,,0,8,2008,WD,Normal,"{'f1': 'Norm', 'f2': 'Lvl', 'f3': 'Norm'}",moderate
1231,,18890,Pave,IR1,AllPub,90,RL,Inside,Gtl,Sawyer,Duplex,1.5Fin,5,5,1977,1977,Shed,CompShg,Plywood,Plywood,None,1,TA,TA,CBlock,Gd,TA,No,GLQ,498,Rec,211,652,1361,GasA,Ex,Y,SBrkr,1361,1259,0,2620,0,0,2,2,4,2,TA,12,Typ,1,TA,BuiltIn,1977,RFn,2,600,TA,TA,N,155,24,145,0,0,0,,,Gar2,8300,8,2007,WD,Normal,"{'f1': 'Norm', 'f2': 'Lvl', 'f3': 'Norm'}",moderate
1232,70,7728,Pave,Reg,AllPub,90,RL,Inside,Gtl,NAmes,Duplex,SLvl,5,6,1962,1962,Hip,CompShg,Wd Sdng,Wd Sdng,BrkFace,120,TA,TA,CBlock,TA,TA,Av,ALQ,803,Unf,0,303,1106,GasA,TA,Y,SBrkr,1190,0,0,1190,1,0,1,0,3,1,TA,6,Typ,0,,Attchd,1962,Unf,2,540,TA,TA,Y,0,18,0,0,0,0,,GdWo,,0,5,2006,WD,Normal,"{'f1': 'Norm', 'f2': 'Bnk', 'f3': 'Norm'}",moderate
1233,70,9842,Pave,Reg,AllPub,90,RL,FR2,Gtl,NAmes,Duplex,1Story,4,5,1962,1962,Gable,CompShg,HdBoard,HdBoard,None,0,TA,TA,Slab,,,,,0,,0,0,0,GasA,TA,Y,SBrkr,1224,0,0,1224,0,0,2,0,2,2,TA,6,Typ,0,,CarPort,1962,Unf,2,462,TA,TA,Y,0,0,0,0,0,0,,,,0,3,2007,WD,Normal,"{'f1': 'Norm', 'f2': 'Lvl', 'f3': 'Norm'}",cheap
1234,,12160,Pave,IR1,AllPub,20,RL,Inside,Gtl,NAmes,1Fam,1Story,5,5,1959,1959,Hip,CompShg,Plywood,Plywood,BrkFace,180,TA,TA,CBlock,TA,TA,No,Rec,1000,Unf,0,188,1188,GasA,Fa,Y,SBrkr,1188,0,0,1188,1,0,1,0,3,1,TA,6,Typ,0,,Attchd,1959,RFn,2,531,TA,TA,Y,0,0,0,0,0,0,,MnPrv,,0,5,2010,COD,Abnorml,"{'f1': 'Norm', 'f2': 'Lvl', 'f3': 'Norm'}",moderate
1235,55,8525,Pave,Reg,AllPub,70,RH,Inside,Gtl,SWISU,1Fam,2Story,5,6,1911,1950,Gable,CompShg,MetalSd,MetalSd,None,0,TA,TA,PConc,TA,TA,Av,Unf,0,Unf,0,940,940,GasA,TA,N,FuseA,1024,940,0,1964,0,0,1,1,4,1,TA,7,Typ,0,,,,,0,0,,,N,0,192,0,0,0,0,,,,0,11,2008,WD,Abnorml,"{'f1': 'Norm', 'f2': 'Lvl', 'f3': 'Norm'}",moderate
1236,96,13132,Pave,Reg,AllPub,70,RL,Inside,Gtl,Crawfor,1Fam,2Story,5,5,1914,1950,Gable,CompShg,Wd Sdng,Wd Sdng,None,0,TA,TA,BrkTil,Gd,TA,Mn,Unf,0,Unf,0,747,747,GasA,Gd,Y,FuseF,892,892,0,1784,0,0,1,1,4,1,TA,9,Typ,0,,Detchd,1914,Unf,1,180,Fa,Fa,N,203,40,0,0,0,0,,,,0,7,2006,WD,Normal,"{'f1': 'Norm', 'f2': 'Lvl', 'f3': 'Norm'}",moderate
1237,36,2628,Pave,Reg,AllPub,160,RL,Inside,Gtl,NridgHt,Twnhs,2Story,7,5,2003,2003,Gable,CompShg,VinylSd,Wd Shng,Stone,106,Gd,TA,PConc,Gd,TA,No,Unf,0,Unf,0,764,764,GasA,Ex,Y,SBrkr,764,862,0,1626,0,0,2,1,2,1,Gd,6,Typ,0,,BuiltIn,2003,RFn,2,474,TA,TA,Y,0,27,0,0,0,0,,,,0,6,2010,WD,Normal,"{'f1': 'Norm', 'f2': 'Lvl', 'f3': 'Norm'}",moderate
1238,41,12393,Pave,IR2,AllPub,60,RL,FR2,Gtl,CollgCr,1Fam,2Story,7,5,2004,2005,Gable,CompShg,VinylSd,VinylSd,None,0,Gd,TA,PConc,Gd,TA,No,Unf,0,Unf,0,847,847,GasA,Ex,Y,SBrkr,847,1101,0,1948,0,0,2,1,4,1,Gd,8,Typ,1,Gd,BuiltIn,2004,Fin,2,434,TA,TA,Y,100,48,0,0,0,0,,,,0,9,2006,WD,Normal,"{'f1': 'Norm', 'f2': 'Lvl', 'f3': 'Norm'}",moderate
1239,63,13072,Pave,Reg,AllPub,20,RL,Inside,Gtl,SawyerW,1Fam,1Story,6,5,2005,2005,Gable,CompShg,VinylSd,VinylSd,None,0,Gd,TA,PConc,Gd,TA,No,Unf,0,Unf,0,1141,1141,GasA,Ex,Y,SBrkr,1141,0,0,1141,0,0,1,1,3,1,TA,6,Typ,0,,Detchd,2005,Unf,2,484,TA,TA,Y,0,0,0,0,0,0,,,,0,3,2006,WD,Abnorml,"{'f1': 'Norm', 'f2': 'Lvl', 'f3': 'Norm'}",moderate
1240,64,9037,Pave,IR1,AllPub,20,RL,Inside,Gtl,Timber,1Fam,1Story,8,5,2006,2006,Hip,CompShg,VinylSd,VinylSd,BrkFace,32,Gd,TA,PConc,Gd,TA,Av,GLQ,428,Unf,0,1048,1476,GasA,Ex,Y,SBrkr,1484,0,0,1484,0,0,2,0,2,1,Ex,6,Typ,1,Gd,Attchd,2006,RFn,2,472,TA,TA,Y,120,33,0,0,0,0,,,,0,12,2007,WD,Normal,"{'f1': 'RRNn', 'f2': 'Lvl', 'f3': 'Feedr'}",moderate
1241,65,8158,Pave,Reg,AllPub,60,RL,Inside,Gtl,CollgCr,1Fam,2Story,7,5,2003,2003,Gable,CompShg,VinylSd,VinylSd,BrkFace,252,Gd,TA,PConc,Gd,TA,No,GLQ,550,Unf,0,334,884,GasA,Ex,Y,SBrkr,884,884,0,1768,1,0,2,1,3,1,Gd,8,Typ,0,,Attchd,2003,RFn,2,543,TA,TA,Y,0,63,0,0,0,0,,,,0,7,2008,WD,Normal,"{'f1': 'Norm', 'f2': 'Lvl', 'f3': 'Feedr'}",moderate
1242,83,9849,Pave,Reg,AllPub,20,RL,Inside,Gtl,Somerst,1Fam,1Story,7,6,2007,2007,Hip,CompShg,VinylSd,VinylSd,Stone,0,Gd,TA,PConc,Gd,TA,Av,Unf,0,Unf,0,1689,1689,GasA,Ex,Y,SBrkr,1689,0,0,1689,0,0,2,0,3,1,Gd,7,Typ,0,,Attchd,2007,RFn,3,954,TA,TA,Y,0,56,0,0,0,0,,,,0,6,2007,New,Partial,"{'f1': 'Norm', 'f2': 'Lvl', 'f3': 'Norm'}",moderate
1243,85,10625,Pave,Reg,AllPub,85,RL,Inside,Gtl,NWAmes,1Fam,SFoyer,7,6,1974,1974,Gable,CompShg,Plywood,Plywood,BrkFace,81,TA,TA,CBlock,Gd,TA,Gd,GLQ,885,LwQ,168,0,1053,GasA,TA,Y,SBrkr,1173,0,0,1173,1,0,2,0,3,1,Gd,6,Typ,2,TA,Attchd,1974,RFn,2,528,TA,TA,Y,0,120,0,0,0,0,,MnPrv,,0,1,2010,WD,Family,"{'f1': 'Norm', 'f2': 'Lvl', 'f3': 'Norm'}",moderate
1244,107,13891,Pave,Reg,AllPub,20,RL,Inside,Gtl,NridgHt,1Fam,1Story,10,5,2006,2006,Gable,CompShg,VinylSd,VinylSd,,,Ex,TA,PConc,Ex,Gd,Gd,GLQ,1386,Unf,0,690,2076,GasA,Ex,Y,SBrkr,2076,0,0,2076,1,0,2,1,2,1,Ex,7,Typ,1,Gd,Attchd,2006,Fin,3,850,TA,TA,Y,216,229,0,0,0,0,,,,0,9,2006,New,Partial,"{'f1': 'Norm', 'f2': 'Lvl', 'f3': 'Norm'}",expensive
1245,,11435,Pave,IR1,AllPub,70,RL,Corner,Mod,Crawfor,1Fam,2Story,8,7,1929,1950,Gable,CompShg,BrkFace,Stucco,None,0,TA,TA,PConc,Gd,TA,No,Unf,0,Unf,0,792,792,GasA,Fa,Y,SBrkr,792,725,0,1517,0,0,1,0,3,1,Gd,7,Typ,2,Gd,Detchd,1931,Unf,2,400,TA,TA,Y,0,0,0,0,0,0,,,,0,6,2006,WD,Normal,"{'f1': 'Norm', 'f2': 'Lvl', 'f3': 'Norm'}",moderate
1246,78,12090,Pave,Reg,AllPub,80,RL,Inside,Gtl,NWAmes,1Fam,SLvl,6,7,1984,2003,Hip,CompShg,VinylSd,VinylSd,BrkFace,74,TA,TA,CBlock,Gd,TA,No,Unf,0,Unf,0,585,585,GasA,Ex,Y,SBrkr,1140,728,0,1868,0,0,3,1,3,1,TA,7,Typ,1,TA,BuiltIn,1984,Fin,2,477,TA,TA,Y,268,112,0,0,147,0,,,,0,1,2007,WD,Abnorml,"{'f1': 'Norm', 'f2': 'Lvl', 'f3': 'Norm'}",moderate
1247,65,8125,Pave,Reg,AllPub,60,FV,Inside,Gtl,Somerst,1Fam,2Story,7,5,2005,2006,Gable,CompShg,VinylSd,VinylSd,None,0,Gd,TA,PConc,Gd,TA,No,Unf,0,Unf,0,756,756,GasA,Ex,Y,SBrkr,756,797,0,1553,0,0,2,1,3,1,Gd,6,Typ,0,,Attchd,2005,RFn,2,615,TA,TA,Y,0,45,0,0,0,0,,,,0,3,2006,New,Partial,"{'f1': 'Norm', 'f2': 'Lvl', 'f3': 'Norm'}",moderate
1248,,12328,Pave,IR1,AllPub,80,RL,Inside,Gtl,Mitchel,1Fam,SLvl,6,5,1976,1976,Gable,CompShg,HdBoard,HdBoard,BrkFace,335,TA,TA,CBlock,TA,TA,Av,GLQ,539,Unf,0,473,1012,GasA,TA,Y,SBrkr,1034,0,0,1034,1,0,1,0,3,1,TA,6,Typ,0,,Attchd,1976,Unf,3,888,TA,TA,Y,0,0,0,0,0,0,,,,0,5,2010,WD,Normal,"{'f1': 'Norm', 'f2': 'Lvl', 'f3': 'Norm'}",moderate
1249,60,9600,Pave,Reg,AllPub,75,RM,Inside,Gtl,OldTown,1Fam,2.5Unf,6,5,1917,1950,Gable,CompShg,AsbShng,AsbShng,None,0,TA,TA,BrkTil,Gd,TA,No,Rec,319,Unf,0,416,735,OthW,Fa,N,SBrkr,1134,924,0,2058,0,0,1,1,3,1,TA,8,Typ,1,Gd,Detchd,1950,Unf,2,396,Fa,Fa,P,0,0,259,0,0,0,,,,0,4,2008,WD,Normal,"{'f1': 'Norm', 'f2': 'Lvl', 'f3': 'Norm'}",moderate
1250,60,7200,Pave,Reg,AllPub,20,RL,Inside,Gtl,NAmes,1Fam,1Story,5,7,1950,1950,Gable,CompShg,MetalSd,MetalSd,None,0,TA,TA,CBlock,TA,TA,No,BLQ,534,Rec,96,246,876,GasA,TA,Y,SBrkr,988,0,0,988,0,0,1,0,3,1,TA,6,Typ,0,,Attchd,1950,Unf,1,276,TA,TA,Y,0,80,0,0,0,0,,,,0,5,2007,WD,Normal,"{'f1': 'Norm', 'f2': 'Lvl', 'f3': 'Norm'}",cheap
1251,93,11160,Pave,Reg,AllPub,20,RL,Corner,Gtl,NAmes,1Fam,1Story,7,5,1968,1968,Hip,CompShg,BrkFace,BrkFace,None,0,Gd,TA,CBlock,TA,TA,No,ALQ,1065,Unf,0,1045,2110,GasA,Ex,Y,SBrkr,2110,0,0,2110,1,0,2,1,3,1,Ex,8,Typ,2,TA,Attchd,1968,Fin,2,522,TA,TA,Y,0,0,0,0,0,0,,,,0,4,2010,WD,Normal,"{'f1': 'Norm', 'f2': 'Lvl', 'f3': 'Norm'}",moderate
1252,,3136,Pave,IR1,AllPub,120,RL,Corner,Gtl,NridgHt,TwnhsE,1Story,7,5,2003,2003,Gable,CompShg,VinylSd,Wd Shng,Stone,163,Gd,TA,PConc,Gd,TA,No,Unf,0,Unf,0,1405,1405,GasA,Ex,Y,SBrkr,1405,0,0,1405,0,0,2,0,2,1,Gd,6,Typ,1,Gd,Attchd,2003,RFn,2,478,TA,TA,Y,148,36,0,0,0,0,,,,0,3,2006,WD,Normal,"{'f1': 'Norm', 'f2': 'Lvl', 'f3': 'Norm'}",moderate
1253,62,9858,Pave,Reg,AllPub,20,RL,Inside,Gtl,Mitchel,1Fam,1Story,5,6,1968,1968,Gable,CompShg,HdBoard,HdBoard,None,0,TA,TA,CBlock,TA,TA,No,BLQ,510,Unf,0,354,864,GasA,TA,Y,SBrkr,874,0,0,874,1,0,1,0,3,1,TA,5,Typ,0,,Attchd,1968,RFn,1,288,TA,TA,Y,33,0,0,0,0,0,,GdWo,Shed,600,11,2009,WD,Normal,"{'f1': 'Norm', 'f2': 'Lvl', 'f3': 'Norm'}",moderate
1254,,17542,Pave,IR1,AllPub,60,RL,Inside,Gtl,Veenker,1Fam,2Story,7,7,1974,2003,Gable,CompShg,Wd Sdng,Wd Sdng,None,0,Gd,TA,CBlock,TA,TA,Gd,LwQ,125,ALQ,1031,36,1192,GasA,TA,Y,SBrkr,1516,651,0,2167,1,0,2,1,3,1,Gd,9,Typ,2,Gd,Attchd,1974,RFn,2,518,TA,TA,Y,220,47,0,0,0,0,,MnPrv,,0,7,2007,WD,Normal,"{'f1': 'Norm', 'f2': 'Lvl', 'f3': 'Norm'}",moderate
1255,60,6931,Pave,Reg,AllPub,60,RL,Inside,Gtl,Edwards,1Fam,2Story,7,5,2003,2004,Gable,CompShg,VinylSd,VinylSd,Stone,92,Gd,TA,PConc,Gd,TA,No,Unf,0,Unf,0,746,746,GasA,Ex,Y,SBrkr,760,896,0,1656,0,0,2,1,3,1,Gd,7,Typ,1,Gd,BuiltIn,2003,Fin,2,397,TA,TA,Y,178,128,0,0,0,0,,,,0,7,2008,WD,Normal,"{'f1': 'Norm', 'f2': 'Lvl', 'f3': 'Norm'}",moderate
1256,52,6240,Pave,Reg,AllPub,50,RM,Inside,Gtl,BrkSide,1Fam,1.5Fin,6,6,1931,1950,Gable,CompShg,Wd Sdng,Wd Sdng,None,0,TA,TA,BrkTil,TA,Fa,No,LwQ,425,Unf,0,459,884,GasA,TA,Y,FuseA,959,408,0,1367,0,0,1,0,3,1,TA,6,Typ,1,Gd,Detchd,1978,Unf,1,560,TA,TA,Y,0,0,0,0,120,0,,,,0,11,2007,WD,Normal,"{'f1': 'Norm', 'f2': 'Lvl', 'f3': 'Norm'}",moderate
1257,91,14303,Pave,IR1,AllPub,20,RL,Corner,Gtl,NoRidge,1Fam,1Story,8,5,1994,1994,Hip,CompShg,HdBoard,HdBoard,BrkFace,554,Gd,TA,PConc,Gd,TA,Gd,GLQ,1314,Unf,0,672,1986,GasA,Ex,Y,SBrkr,1987,0,0,1987,1,0,2,0,2,1,Gd,7,Typ,1,TA,Attchd,1994,Fin,2,691,TA,TA,Y,262,36,0,0,0,0,,,,0,8,2008,WD,Normal,"{'f1': 'Norm', 'f2': 'Lvl', 'f3': 'Norm'}",moderate
1258,56,4060,Pave,Reg,AllPub,30,RL,Corner,Gtl,Edwards,1Fam,1Story,5,8,1922,1950,Gable,CompShg,Wd Sdng,Wd Sdng,None,0,TA,TA,PConc,Fa,TA,No,Unf,0,Unf,0,864,864,GasA,Ex,Y,SBrkr,864,0,0,864,0,0,1,0,2,1,TA,4,Typ,0,,,,,0,0,,,Y,0,96,0,0,0,0,,,,0,7,2009,WD,Normal,"{'f1': 'Norm', 'f2': 'Lvl', 'f3': 'Norm'}",cheap
1259,59,9587,Pave,IR1,AllPub,80,RL,Inside,Gtl,Gilbert,1Fam,SLvl,7,5,2005,2005,Gable,CompShg,VinylSd,VinylSd,Stone,182,Gd,TA,PConc,Gd,TA,Gd,GLQ,655,Unf,0,201,856,GasA,Ex,Y,SBrkr,1166,0,0,1166,1,0,2,0,2,1,Gd,5,Typ,0,,Attchd,2005,Fin,2,400,TA,TA,Y,212,0,0,0,0,0,,,,0,7,2008,WD,Normal,"{'f1': 'Norm', 'f2': 'Lvl', 'f3': 'Norm'}",moderate
1260,65,9750,Pave,Reg,AllPub,20,RL,FR2,Gtl,NAmes,1Fam,1Story,6,8,1969,1969,Gable,CompShg,HdBoard,HdBoard,None,0,TA,TA,CBlock,Gd,TA,No,ALQ,602,LwQ,438,14,1054,GasA,Gd,Y,SBrkr,1054,0,0,1054,1,0,1,1,3,1,TA,6,Typ,0,,Attchd,1969,Unf,2,460,TA,TA,Y,180,0,0,0,80,0,,,,0,7,2008,WD,Normal,"{'f1': 'Norm', 'f2': 'Lvl', 'f3': 'Norm'}",moderate
1261,,24682,Pave,IR3,AllPub,60,RL,CulDSac,Gtl,Gilbert,1Fam,2Story,6,5,1999,1999,Gable,CompShg,VinylSd,VinylSd,None,0,TA,TA,PConc,Gd,TA,No,Unf,0,Unf,0,841,841,GasA,Ex,Y,SBrkr,892,783,0,1675,0,0,2,1,3,1,TA,7,Typ,1,TA,BuiltIn,1999,Fin,2,502,TA,TA,Y,0,103,0,0,0,0,,,,0,6,2009,WD,Normal,"{'f1': 'Norm', 'f2': 'Lvl', 'f3': 'Norm'}",moderate
1262,80,9600,Pave,Reg,AllPub,20,RL,Inside,Gtl,NAmes,1Fam,1Story,5,6,1956,1956,Hip,CompShg,MetalSd,MetalSd,None,0,TA,TA,CBlock,TA,TA,No,Rec,504,Unf,0,546,1050,GasA,Gd,Y,SBrkr,1050,0,0,1050,0,0,1,0,2,1,TA,5,Typ,0,,Attchd,1956,Unf,1,338,TA,TA,Y,0,0,0,0,0,0,,,,0,6,2009,WD,Normal,"{'f1': 'Norm', 'f2': 'Lvl', 'f3': 'Norm'}",moderate
1263,,11250,Pave,Reg,AllPub,50,RL,Inside,Gtl,ClearCr,1Fam,1.5Fin,4,5,1957,1989,Gable,CompShg,Wd Sdng,Wd Sdng,None,0,TA,TA,CBlock,TA,TA,Av,Unf,0,Unf,0,1104,1104,GasA,Ex,Y,FuseA,1104,684,0,1788,1,0,1,0,5,1,TA,8,Min2,2,TA,Attchd,1957,Unf,1,304,TA,TA,Y,120,0,0,0,0,0,,,,0,11,2009,WD,Normal,"{'f1': 'Norm', 'f2': 'Bnk', 'f3': 'RRNn'}",moderate
1264,60,13515,Pave,Reg,AllPub,70,RL,Inside,Gtl,BrkSide,1Fam,2Story,6,6,1919,1950,Gambrel,CompShg,Wd Sdng,Wd Sdng,None,0,TA,TA,PConc,TA,TA,No,Unf,0,Unf,0,764,764,GasA,Ex,Y,FuseA,1060,764,0,1824,0,0,1,0,3,1,TA,8,Typ,1,Gd,Detchd,1940,Unf,2,520,TA,TA,N,0,0,126,0,0,0,,GdPrv,,0,7,2007,WD,Normal,"{'f1': 'Norm', 'f2': 'Low', 'f3': 'Norm'}",moderate
1265,34,4060,Pave,Reg,AllPub,120,RH,Inside,Gtl,NAmes,TwnhsE,1Story,6,5,1998,1999,Gable,CompShg,MetalSd,MetalSd,None,0,Gd,TA,PConc,Gd,TA,No,GLQ,266,Unf,0,1139,1405,GasA,Ex,Y,SBrkr,1337,0,0,1337,1,0,2,0,2,1,Gd,5,Typ,0,,Attchd,1998,Fin,2,511,TA,TA,Y,144,68,0,0,0,0,,,,0,8,2008,COD,Abnorml,"{'f1': 'Norm', 'f2': 'Bnk', 'f3': 'Norm'}",moderate
1266,35,3735,Pave,Reg,AllPub,160,FV,FR3,Gtl,Somerst,TwnhsE,2Story,7,5,1999,1999,Hip,CompShg,MetalSd,MetalSd,BrkFace,218,Gd,TA,PConc,Gd,TA,No,GLQ,450,Unf,0,241,691,GasA,Ex,Y,SBrkr,713,739,0,1452,1,0,2,1,3,1,Gd,6,Typ,0,,Detchd,1999,Unf,2,506,TA,TA,Y,0,34,0,0,0,0,,,,0,3,2006,WD,Normal,"{'f1': 'Norm', 'f2': 'Lvl', 'f3': 'Norm'}",moderate
1267,60,10120,Pave,IR1,AllPub,190,RM,Inside,Gtl,OldTown,2fmCon,2.5Unf,7,4,1910,1950,Hip,CompShg,Wd Sdng,Wd Sdng,None,0,Fa,TA,CBlock,TA,TA,No,Unf,0,Unf,0,925,925,GasA,TA,N,FuseF,964,925,0,1889,0,0,1,1,4,2,TA,9,Typ,1,Gd,Detchd,1960,Unf,1,308,TA,TA,N,0,0,264,0,0,0,,MnPrv,,0,1,2007,WD,Normal,"{'f1': 'Norm', 'f2': 'Lvl', 'f3': 'Norm'}",moderate
1268,89,13214,Pave,IR1,AllPub,20,RL,Inside,Gtl,Timber,1Fam,1Story,9,5,2008,2009,Hip,CompShg,Stucco,CmentBd,None,0,Ex,TA,PConc,Ex,TA,Gd,Unf,0,Unf,0,2002,2002,GasA,Ex,Y,SBrkr,2018,0,0,2018,0,0,2,0,3,1,Ex,10,Typ,1,Gd,Attchd,2009,Fin,3,746,TA,TA,Y,144,76,0,0,0,0,,,,0,5,2010,WD,Normal,"{'f1': 'Norm', 'f2': 'Lvl', 'f3': 'Norm'}",expensive
1269,,14100,Pave,IR1,AllPub,50,RL,Inside,Mod,Crawfor,1Fam,1.5Fin,8,9,1935,1997,Gable,CompShg,Stucco,Stucco,BrkFace,632,TA,Gd,CBlock,TA,TA,Mn,Rec,192,Unf,0,536,728,GasA,Ex,Y,SBrkr,1968,1479,0,3447,0,0,3,1,4,1,Gd,11,Typ,2,Gd,BuiltIn,1982,Unf,3,1014,TA,TA,Y,314,12,0,0,0,0,,GdWo,,0,5,2008,WD,Normal,"{'f1': 'Norm', 'f2': 'HLS', 'f3': 'Norm'}",expensive
1270,78,11344,Pave,Reg,AllPub,50,RL,Inside,Gtl,NAmes,1Fam,1.5Fin,5,5,1958,1958,Gable,CompShg,MetalSd,MetalSd,BrkFace,180,TA,TA,CBlock,TA,TA,No,BLQ,460,Unf,0,414,874,GasW,TA,Y,FuseA,874,650,0,1524,0,0,1,1,3,1,TA,7,Typ,0,,Attchd,1958,Unf,1,315,TA,TA,Y,0,0,0,0,0,0,,GdWo,,0,7,2007,WD,Normal,"{'f1': 'Norm', 'f2': 'Bnk', 'f3': 'Norm'}",moderate
1271,,23595,Pave,Reg,AllPub,40,RL,Inside,Sev,ClearCr,1Fam,1Story,7,6,1979,1979,Shed,WdShake,Plywood,Plywood,None,0,Gd,TA,PConc,Gd,TA,Gd,GLQ,1258,Unf,0,74,1332,GasA,TA,Y,SBrkr,1332,192,0,1524,2,0,0,1,0,1,Gd,4,Typ,1,TA,Attchd,1979,Fin,2,586,TA,TA,Y,268,0,0,0,0,0,,,,0,4,2010,WD,Normal,"{'f1': 'Norm', 'f2': 'Lvl', 'f3': 'RRAe'}",moderate
1272,,9156,Pave,IR1,AllPub,20,RL,Inside,Gtl,NWAmes,1Fam,1Story,6,7,1968,1968,Hip,CompShg,BrkFace,BrkFace,None,0,TA,TA,CBlock,TA,TA,No,Unf,0,Unf,0,1489,1489,GasA,Gd,Y,SBrkr,1489,0,0,1489,0,0,2,0,3,1,Gd,7,Typ,1,Gd,Attchd,1968,RFn,2,462,TA,TA,Y,0,0,0,0,0,0,,,,0,8,2009,WD,Normal,"{'f1': 'Norm', 'f2': 'Lvl', 'f3': 'Norm'}",moderate
1273,,13526,Pave,IR1,AllPub,20,RL,CulDSac,Gtl,Sawyer,1Fam,1Story,5,6,1965,1965,Hip,CompShg,HdBoard,Plywood,BrkFace,114,TA,TA,CBlock,TA,TA,No,BLQ,560,LwQ,375,0,935,GasA,TA,Y,SBrkr,935,0,0,935,1,0,1,0,3,1,TA,5,Typ,0,,Attchd,1965,Unf,1,288,TA,TA,Y,180,0,0,0,0,0,,MnPrv,,0,11,2006,WD,Normal,"{'f1': 'Norm', 'f2': 'Lvl', 'f3': 'Norm'}",moderate
1274,124,11512,Pave,IR1,AllPub,80,RL,Corner,Gtl,Edwards,1Fam,SLvl,6,7,1959,2006,Gable,CompShg,Plywood,Plywood,BrkFace,84,TA,TA,CBlock,TA,TA,Av,ALQ,719,Unf,0,300,1019,GasA,Gd,Y,SBrkr,1357,0,0,1357,1,0,1,0,2,1,Ex,5,Typ,1,Gd,Basment,1959,RFn,1,312,TA,TA,Y,0,0,0,0,163,0,,GdPrv,,0,5,2008,WD,Normal,"{'f1': 'Feedr', 'f2': 'Bnk', 'f3': 'RRAn'}",moderate
1275,53,5362,Pave,Reg,AllPub,50,RL,Corner,Gtl,Crawfor,1Fam,1.5Fin,5,6,1910,2003,Gable,CompShg,Wd Sdng,Wd Shng,None,0,TA,TA,PConc,TA,TA,No,Unf,0,Unf,0,661,661,GasA,Ex,Y,SBrkr,661,589,0,1250,0,0,2,0,3,1,TA,8,Typ,1,Gd,Detchd,1985,Unf,2,552,TA,TA,Y,242,0,81,0,0,0,,,,0,11,2007,WD,Normal,"{'f1': 'Norm', 'f2': 'Lvl', 'f3': 'Norm'}",moderate
1276,95,11345,Pave,Reg,AllPub,90,RL,Corner,Gtl,NAmes,Duplex,2Story,5,5,1948,1950,Gable,Roll,AsbShng,AsbShng,Stone,567,TA,TA,CBlock,TA,TA,No,Rec,220,Unf,0,708,928,GasA,Gd,Y,FuseA,928,992,0,1920,0,0,2,0,4,2,TA,10,Typ,0,,Detchd,1948,Unf,2,400,TA,Fa,Y,0,0,0,0,0,0,,,,0,7,2007,WD,Normal,"{'f1': 'Norm', 'f2': 'Lvl', 'f3': 'Norm'}",moderate
1277,,12936,Pave,IR1,AllPub,60,RL,CulDSac,Gtl,NWAmes,1Fam,2Story,6,6,1972,1972,Gable,CompShg,HdBoard,Plywood,None,0,TA,TA,CBlock,TA,Gd,No,BLQ,593,Unf,0,130,723,GasA,TA,Y,SBrkr,735,660,0,1395,0,1,1,1,3,1,TA,6,Typ,1,TA,Attchd,1972,Unf,2,497,TA,TA,Y,294,116,0,0,0,0,,,,0,12,2009,WD,Normal,"{'f1': 'Norm', 'f2': 'Lvl', 'f3': 'PosA'}",moderate
1278,,17871,Pave,IR1,AllPub,80,RL,CulDSac,Gtl,NWAmes,1Fam,SLvl,6,5,1967,1976,Gable,CompShg,HdBoard,HdBoard,BrkFace,359,TA,TA,CBlock,Gd,TA,Av,ALQ,528,Unf,0,1152,1680,GasA,Fa,Y,SBrkr,1724,0,0,1724,1,0,1,1,3,1,TA,7,Typ,1,Gd,Attchd,1967,RFn,2,480,TA,TA,Y,0,0,0,0,0,0,,,,0,6,2009,WD,Normal,"{'f1': 'Norm', 'f2': 'Lvl', 'f3': 'Norm'}",moderate
1279,75,9473,Pave,Reg,AllPub,60,RL,Inside,Gtl,CollgCr,1Fam,2Story,8,5,2002,2002,Gable,CompShg,VinylSd,VinylSd,,,Gd,TA,PConc,Gd,TA,No,GLQ,804,Unf,0,324,1128,GasA,Ex,Y,SBrkr,1128,903,0,2031,1,0,2,1,3,1,Gd,7,Typ,1,Gd,Attchd,2002,RFn,2,577,TA,TA,Y,0,211,0,0,0,0,,,,0,3,2008,WD,Normal,"{'f1': 'Norm', 'f2': 'Lvl', 'f3': 'Artery'}",moderate
1280,60,7500,Pave,Reg,AllPub,50,C (all),Inside,Gtl,IDOTRR,1Fam,1.5Fin,4,4,1920,1950,Gable,CompShg,MetalSd,MetalSd,None,0,TA,Gd,CBlock,TA,TA,No,Unf,0,Unf,0,698,698,GasA,TA,Y,FuseA,698,430,0,1128,0,0,1,0,2,1,TA,6,Typ,0,,Detchd,1980,RFn,2,528,TA,TA,Y,30,0,164,0,0,0,,,,0,4,2010,COD,Abnorml,"{'f1': 'Norm', 'f2': 'Lvl', 'f3': 'Norm'}",cheap
1281,67,9808,Pave,IR1,AllPub,20,RL,Inside,Gtl,CollgCr,1Fam,1Story,7,5,2002,2002,Gable,CompShg,VinylSd,VinylSd,BrkFace,110,Gd,TA,PConc,Gd,TA,No,GLQ,788,Unf,0,785,1573,GasA,Ex,Y,SBrkr,1573,0,0,1573,1,0,2,0,3,1,Gd,6,Typ,0,,Attchd,2002,RFn,2,544,TA,TA,Y,0,72,0,0,0,0,,,,0,3,2009,WD,Normal,"{'f1': 'Norm', 'f2': 'Lvl', 'f3': 'Norm'}",moderate
1282,50,8049,Pave,IR1,AllPub,20,RL,CulDSac,Gtl,Timber,1Fam,1Story,7,5,1990,1990,Hip,CompShg,HdBoard,HdBoard,BrkFace,54,TA,TA,CBlock,Gd,TA,No,ALQ,1053,Unf,0,256,1309,GasA,TA,Y,SBrkr,1339,0,0,1339,1,0,2,0,2,1,TA,6,Typ,1,TA,Attchd,1990,Fin,2,484,Gd,Gd,Y,0,58,0,0,90,0,,,,0,7,2006,WD,Normal,"{'f1': 'Norm', 'f2': 'Lvl', 'f3': 'Norm'}",moderate
1283,61,8800,Pave,IR1,AllPub,20,RL,Inside,Gtl,CollgCr,1Fam,1Story,5,7,1977,2008,Gable,CompShg,HdBoard,HdBoard,None,0,TA,TA,CBlock,Gd,TA,Mn,LwQ,532,Rec,144,364,1040,GasA,TA,Y,SBrkr,1040,0,0,1040,0,0,2,0,3,1,Gd,5,Typ,0,,Detchd,1977,Unf,2,484,TA,TA,Y,0,0,0,0,288,0,,,,0,9,2009,WD,Normal,"{'f1': 'Norm', 'f2': 'Lvl', 'f3': 'Norm'}",moderate
1284,94,9400,Pave,Reg,AllPub,90,RL,Corner,Gtl,Mitchel,Duplex,2Story,6,5,1971,1971,Mansard,CompShg,MetalSd,Wd Shng,None,0,TA,TA,CBlock,TA,TA,Av,Unf,0,Unf,0,912,912,GasA,TA,Y,SBrkr,912,912,0,1824,0,0,2,2,4,2,TA,8,Typ,0,,,,,0,0,,,Y,128,0,0,0,0,0,,,,0,4,2010,WD,Normal,"{'f1': 'Norm', 'f2': 'Lvl', 'f3': 'Norm'}",moderate
1285,50,9638,Pave,Reg,AllPub,50,RL,Inside,Gtl,SWISU,1Fam,1.5Fin,6,7,1919,1990,Gable,CompShg,Wd Sdng,Wd Shng,None,0,TA,TA,PConc,TA,TA,No,Unf,0,Unf,0,804,804,GasA,Ex,Y,SBrkr,1699,748,0,2447,0,0,2,0,4,1,Gd,10,Min2,1,Gd,Detchd,1969,Unf,1,336,TA,TA,Y,272,0,42,0,116,0,,,,0,3,2010,WD,Normal,"{'f1': 'Norm', 'f2': 'Lvl', 'f3': 'Norm'}",moderate
1286,50,6000,Pave,Reg,AllPub,50,RM,Inside,Gtl,BrkSide,1Fam,1.5Fin,6,6,1939,1950,Gable,CompShg,MetalSd,MetalSd,None,0,TA,Fa,CBlock,TA,TA,No,Unf,0,Unf,0,780,780,GasA,Ex,Y,FuseF,825,587,0,1412,0,0,1,0,4,1,TA,6,Typ,1,Gd,Detchd,1939,Unf,1,280,TA,TA,Y,45,0,0,0,0,0,,,,0,5,2009,WD,Normal,"{'f1': 'Norm', 'f2': 'Lvl', 'f3': 'Norm'}",moderate
1287,,9790,Pave,Reg,AllPub,20,RL,Inside,Gtl,NWAmes,1Fam,1Story,6,5,1963,1963,Hip,CompShg,HdBoard,HdBoard,BrkFace,451,TA,TA,CBlock,TA,TA,No,ALQ,569,Rec,81,678,1328,GasA,TA,Y,SBrkr,1328,0,0,1328,1,0,1,1,3,1,TA,6,Typ,2,Gd,Attchd,1963,Unf,2,528,TA,TA,Y,0,26,0,0,0,0,,,,0,6,2010,WD,Normal,"{'f1': 'Norm', 'f2': 'Lvl', 'f3': 'Norm'}",moderate
1288,,36500,Pave,IR1,AllPub,20,RL,Inside,Mod,ClearCr,1Fam,1Story,5,5,1964,1964,Gable,CompShg,Wd Sdng,Wd Sdng,BrkCmn,621,TA,Gd,CBlock,TA,TA,Av,Rec,812,Unf,0,812,1624,GasA,Fa,Y,SBrkr,1582,0,0,1582,0,1,2,0,4,1,TA,7,Typ,0,,Attchd,1964,Unf,2,390,TA,TA,N,168,198,0,0,0,0,,,,0,6,2006,WD,Normal,"{'f1': 'Norm', 'f2': 'Lvl', 'f3': 'Norm'}",moderate
1289,40,5664,Pave,IR1,AllPub,120,RL,Inside,Gtl,StoneBr,TwnhsE,1Story,8,5,2000,2000,Gable,CompShg,CemntBd,CmentBd,None,0,Gd,TA,PConc,Gd,TA,No,GLQ,1158,Unf,0,343,1501,GasA,Ex,Y,SBrkr,1659,0,0,1659,1,0,2,0,2,1,Ex,5,Typ,1,Ex,Attchd,2000,Fin,2,499,TA,TA,Y,212,59,0,0,0,0,,,,0,10,2009,WD,Normal,"{'f1': 'Norm', 'f2': 'Lvl', 'f3': 'Norm'}",moderate
1290,86,11065,Pave,IR1,AllPub,60,RL,Inside,Gtl,NridgHt,1Fam,2Story,8,5,2006,2006,Gable,CompShg,VinylSd,VinylSd,Stone,788,Gd,TA,PConc,Gd,TA,Mn,Unf,0,Unf,0,1085,1085,GasA,Ex,Y,SBrkr,1120,850,0,1970,0,0,2,1,3,1,Ex,8,Typ,1,Gd,BuiltIn,2006,Fin,3,753,TA,TA,Y,177,74,0,0,0,0,,,,0,10,2006,New,Partial,"{'f1': 'Norm', 'f2': 'Lvl', 'f3': 'Norm'}",moderate
1291,,14112,Pave,IR1,AllPub,80,RL,Corner,Gtl,NAmes,1Fam,SLvl,5,7,1964,1964,Hip,CompShg,Wd Sdng,HdBoard,BrkFace,86,TA,TA,PConc,TA,TA,Av,GLQ,1014,Unf,0,138,1152,GasA,TA,Y,SBrkr,1152,0,0,1152,1,0,1,0,3,1,TA,6,Typ,1,Gd,Attchd,1964,RFn,2,484,TA,TA,Y,227,0,0,0,0,0,,,,0,4,2010,WD,Normal,"{'f1': 'Norm', 'f2': 'Lvl', 'f3': 'Norm'}",moderate
1292,21,1680,Pave,Reg,AllPub,160,RM,Inside,Gtl,BrDale,Twnhs,2Story,5,7,1972,1972,Gable,CompShg,CemntBd,CmentBd,BrkFace,268,TA,TA,CBlock,TA,TA,No,ALQ,231,Unf,0,399,630,GasA,TA,Y,SBrkr,630,672,0,1302,0,0,2,1,3,1,TA,6,Typ,0,,Detchd,1972,Unf,1,264,TA,TA,Y,185,0,0,0,0,0,,,,0,2,2009,WD,Normal,"{'f1': 'Norm', 'f2': 'Lvl', 'f3': 'Norm'}",cheap
1293,60,6600,Pave,Reg,AllPub,70,RM,Corner,Gtl,OldTown,1Fam,2Story,5,4,1892,1965,Gable,CompShg,Wd Sdng,Wd Sdng,None,0,TA,TA,Stone,TA,TA,No,Unf,0,Unf,0,994,994,GasA,TA,N,SBrkr,1378,994,0,2372,0,0,2,0,4,2,TA,11,Min2,0,,Attchd,1985,RFn,1,432,TA,TA,Y,0,287,0,0,0,0,,,,0,12,2009,WD,Normal,"{'f1': 'Norm', 'f2': 'Lvl', 'f3': 'Norm'}",cheap
1294,78,10140,Pave,Reg,AllPub,60,RL,Inside,Gtl,NWAmes,1Fam,2Story,7,5,1976,1976,Gable,CompShg,HdBoard,HdBoard,None,0,TA,TA,PConc,Gd,TA,No,GLQ,194,Unf,0,638,832,GasA,TA,Y,SBrkr,832,832,0,1664,0,0,2,1,4,1,TA,8,Typ,1,TA,Attchd,1976,RFn,2,528,TA,TA,Y,0,28,0,0,259,0,,GdWo,,0,3,2006,WD,Normal,"{'f1': 'Norm', 'f2': 'Lvl', 'f3': 'Norm'}",moderate
1295,60,8172,Pave,Reg,AllPub,20,RL,Inside,Gtl,Edwards,1Fam,1Story,5,7,1955,1990,Hip,CompShg,WdShing,Plywood,None,0,TA,TA,CBlock,TA,TA,No,Rec,167,Unf,0,697,864,GasA,TA,Y,SBrkr,864,0,0,864,1,0,1,0,2,1,TA,5,Typ,0,,Detchd,1957,Unf,2,572,TA,TA,N,0,0,0,0,0,0,,,,0,4,2006,WD,Normal,"{'f1': 'Norm', 'f2': 'Lvl', 'f3': 'Norm'}",cheap
1296,70,8400,Pave,Reg,AllPub,20,RL,Inside,Gtl,NAmes,1Fam,1Story,5,5,1968,1968,Hip,CompShg,HdBoard,HdBoard,BrkFace,168,TA,TA,CBlock,TA,TA,Av,BLQ,1016,Unf,0,36,1052,GasA,Gd,Y,SBrkr,1052,0,0,1052,1,0,1,1,3,1,TA,5,Typ,0,,Attchd,1968,RFn,1,288,TA,TA,Y,356,0,0,0,0,0,,GdWo,,0,11,2006,WD,Normal,"{'f1': 'Norm', 'f2': 'Lvl', 'f3': 'Norm'}",moderate
1297,80,8700,Pave,Reg,AllPub,20,RL,Inside,Gtl,NAmes,1Fam,1Story,5,6,1963,1963,Hip,CompShg,MetalSd,MetalSd,BrkFace,148,TA,Gd,CBlock,TA,TA,Mn,ALQ,776,Unf,0,344,1120,GasA,Gd,Y,SBrkr,1128,0,0,1128,1,0,2,0,3,1,TA,6,Typ,0,,Attchd,1963,RFn,2,525,TA,TA,Y,192,20,123,0,0,0,,MnPrv,,0,12,2008,WD,Normal,"{'f1': 'Norm', 'f2': 'Lvl', 'f3': 'Norm'}",moderate
1298,35,3675,Pave,Reg,AllPub,180,RM,Inside,Gtl,Edwards,TwnhsE,SFoyer,6,5,2005,2006,Gable,CompShg,VinylSd,VinylSd,BrkFace,82,TA,TA,PConc,Gd,TA,Gd,GLQ,547,Unf,0,0,547,GasA,Gd,Y,SBrkr,1072,0,0,1072,1,0,2,0,2,1,TA,5,Typ,0,,Basment,2005,Fin,2,525,TA,TA,Y,0,44,0,0,0,0,,,,0,6,2006,New,Partial,"{'f1': 'Norm', 'f2': 'Lvl', 'f3': 'Norm'}",moderate
1299,313,63887,Pave,IR3,AllPub,60,RL,Corner,Gtl,Edwards,1Fam,2Story,10,5,2008,2008,Hip,ClyTile,Stucco,Stucco,Stone,796,Ex,TA,PConc,Ex,TA,Gd,GLQ,5644,Unf,0,466,6110,GasA,Ex,Y,SBrkr,4692,950,0,5642,2,0,2,1,3,1,Ex,12,Typ,3,Gd,Attchd,2008,Fin,2,1418,TA,TA,Y,214,292,0,0,0,480,Gd,,,0,1,2008,New,Partial,"{'f1': 'Feedr', 'f2': 'Lvl', 'f3': 'Feedr'}",moderate
1300,75,7500,Pave,Reg,AllPub,20,RL,Inside,Gtl,NAmes,1Fam,1Story,5,7,1959,1994,Hip,CompShg,BrkFace,BrkFace,None,0,TA,TA,CBlock,TA,TA,No,LwQ,340,Rec,906,0,1246,GasA,Ex,Y,SBrkr,1246,0,0,1246,1,0,1,1,3,1,Gd,6,Typ,0,,Attchd,1959,RFn,1,305,TA,TA,Y,218,0,0,0,0,0,,GdPrv,,0,5,2010,WD,Normal,"{'f1': 'Norm', 'f2': 'Lvl', 'f3': 'Norm'}",moderate
1301,,10762,Pave,IR1,AllPub,60,RL,CulDSac,Gtl,Gilbert,1Fam,2Story,7,5,1999,1999,Gable,CompShg,VinylSd,VinylSd,None,344,Gd,TA,PConc,Gd,TA,No,GLQ,694,Unf,0,284,978,GasA,Ex,Y,SBrkr,1005,978,0,1983,0,0,2,1,3,1,Gd,9,Typ,1,TA,Attchd,1999,Fin,2,490,TA,TA,Y,0,0,0,0,0,0,,,,0,5,2009,WD,Normal,"{'f1': 'Norm', 'f2': 'Lvl', 'f3': 'Norm'}",moderate
1302,,7500,Pave,IR1,AllPub,70,RL,Inside,Gtl,Crawfor,1Fam,2Story,6,7,1942,1950,Gable,CompShg,Wd Sdng,Wd Sdng,None,0,TA,TA,CBlock,TA,TA,No,BLQ,547,Unf,0,224,771,GasA,Fa,Y,SBrkr,753,741,0,1494,0,0,1,0,3,1,Gd,7,Typ,2,Gd,Attchd,1942,Unf,1,213,TA,TA,P,0,0,0,0,224,0,,,,0,11,2009,WD,Normal,"{'f1': 'Norm', 'f2': 'Lvl', 'f3': 'Norm'}",moderate
1303,92,10120,Pave,Reg,AllPub,60,RL,Inside,Gtl,NoRidge,1Fam,2Story,8,5,1994,1994,Hip,CompShg,VinylSd,VinylSd,BrkFace,391,Gd,TA,PConc,Gd,TA,No,GLQ,740,Unf,0,425,1165,GasA,Ex,Y,SBrkr,1203,1323,0,2526,1,0,2,1,4,1,Gd,8,Typ,1,TA,Attchd,1994,RFn,3,844,TA,TA,Y,309,78,0,0,0,0,,,,0,12,2006,WD,Normal,"{'f1': 'Norm', 'f2': 'HLS', 'f3': 'Norm'}",moderate
1304,73,8688,Pave,Reg,AllPub,20,RL,Inside,Gtl,Somerst,1Fam,1Story,7,5,2005,2005,Gable,CompShg,VinylSd,VinylSd,BrkFace,228,Gd,TA,PConc,Gd,TA,Av,Unf,0,Unf,0,1616,1616,GasA,Ex,Y,SBrkr,1616,0,0,1616,0,0,2,0,3,1,Gd,7,Typ,0,,Attchd,2005,RFn,3,834,TA,TA,Y,208,59,0,0,0,0,,,,0,4,2006,WD,Normal,"{'f1': 'Norm', 'f2': 'Lvl', 'f3': 'Norm'}",moderate
1305,32,3363,Pave,Reg,AllPub,160,RM,Inside,Gtl,Edwards,TwnhsE,2Story,7,5,2004,2004,Gable,CompShg,VinylSd,VinylSd,Stone,117,Gd,TA,PConc,Gd,TA,No,Unf,0,Unf,0,976,976,GasA,Ex,Y,SBrkr,976,732,0,1708,0,0,2,0,3,1,Gd,7,Maj1,0,,Detchd,2004,Unf,2,380,TA,TA,Y,0,40,0,0,0,0,,,,0,4,2006,WD,Normal,"{'f1': 'Norm', 'f2': 'Lvl', 'f3': 'Norm'}",moderate
1306,108,13173,Pave,IR1,AllPub,20,RL,Corner,Gtl,NridgHt,1Fam,1Story,9,5,2006,2007,Hip,CompShg,VinylSd,VinylSd,Stone,300,Gd,TA,PConc,Ex,TA,No,GLQ,1572,Unf,0,80,1652,GasA,Ex,Y,SBrkr,1652,0,0,1652,1,0,2,0,2,1,Ex,6,Typ,2,Ex,Attchd,2006,Fin,2,840,TA,TA,Y,404,102,0,0,0,0,,,,0,11,2009,WD,Normal,"{'f1': 'Norm', 'f2': 'Lvl', 'f3': 'Norm'}",expensive
1307,48,6955,Pave,IR1,AllPub,120,RL,Inside,Gtl,NridgHt,TwnhsE,1Story,7,5,2005,2006,Gable,CompShg,VinylSd,VinylSd,Stone,94,Gd,TA,PConc,Gd,TA,No,Unf,0,Unf,0,1368,1368,GasA,Ex,Y,SBrkr,1368,0,0,1368,0,0,2,0,2,1,Gd,6,Typ,1,Gd,Attchd,2005,RFn,2,474,TA,TA,Y,132,35,0,0,0,0,,,,0,9,2006,New,Partial,"{'f1': 'Norm', 'f2': 'Lvl', 'f3': 'Norm'}",moderate
1308,60,8072,Pave,Reg,AllPub,20,RL,Inside,Gtl,CollgCr,1Fam,1Story,5,5,1994,1995,Gable,CompShg,VinylSd,VinylSd,None,0,TA,Gd,PConc,Gd,Gd,No,ALQ,746,Unf,0,244,990,GasA,Ex,Y,SBrkr,990,0,0,990,1,0,1,0,3,1,TA,5,Typ,0,,Detchd,2000,Unf,2,480,TA,TA,Y,0,64,0,0,0,0,,,,0,5,2009,WD,Normal,"{'f1': 'Norm', 'f2': 'HLS', 'f3': 'Norm'}",moderate
1309,100,12000,Pave,Reg,AllPub,20,RM,Inside,Gtl,OldTown,1Fam,1Story,5,7,1948,2005,Gable,CompShg,MetalSd,MetalSd,None,0,TA,TA,CBlock,TA,TA,No,GLQ,144,ALQ,608,172,924,GasA,Ex,Y,SBrkr,1122,0,0,1122,1,0,1,0,2,1,Gd,6,Typ,0,,Attchd,1948,Unf,2,528,TA,TA,Y,0,36,0,0,0,0,,GdWo,,0,5,2008,WD,Normal,"{'f1': 'Norm', 'f2': 'Lvl', 'f3': 'Norm'}",moderate
1310,,7153,Pave,Reg,AllPub,20,RL,Inside,Gtl,SawyerW,1Fam,1Story,6,5,1991,1991,Gable,CompShg,HdBoard,HdBoard,BrkFace,88,TA,TA,CBlock,Gd,TA,No,GLQ,1200,Unf,0,78,1278,GasA,Gd,Y,SBrkr,1294,0,0,1294,1,0,2,0,3,1,Gd,6,Typ,0,,Attchd,1991,RFn,2,496,TA,TA,Y,112,51,0,0,0,0,,GdWo,,0,6,2008,WD,Normal,"{'f1': 'Norm', 'f2': 'Lvl', 'f3': 'Norm'}",moderate
1311,100,17500,Pave,Reg,AllPub,20,RL,Inside,Gtl,Crawfor,1Fam,1Story,7,8,1959,2002,Gable,CompShg,BrkFace,HdBoard,None,0,Gd,Gd,PConc,Gd,TA,Av,GLQ,1406,Unf,0,496,1902,GasA,TA,Y,SBrkr,1902,0,0,1902,1,0,2,0,3,1,Ex,7,Typ,2,TA,Attchd,1959,Fin,2,567,TA,TA,Y,0,207,162,0,0,0,,,,0,5,2010,WD,Normal,"{'f1': 'Norm', 'f2': 'Lvl', 'f3': 'Norm'}",expensive
1312,68,8814,Pave,Reg,AllPub,20,RL,Inside,Gtl,CollgCr,1Fam,1Story,7,5,2005,2007,Gable,CompShg,VinylSd,VinylSd,BrkFace,80,Gd,TA,PConc,Gd,TA,No,GLQ,925,Unf,0,349,1274,GasA,Ex,Y,SBrkr,1274,0,0,1274,1,0,2,0,3,1,Gd,6,Typ,0,,Attchd,2005,RFn,2,508,TA,TA,Y,264,98,0,0,0,0,,,,0,1,2007,New,Partial,"{'f1': 'Norm', 'f2': 'Lvl', 'f3': 'Norm'}",moderate
1313,,9572,Pave,IR1,AllPub,60,RL,Inside,Gtl,NoRidge,1Fam,2Story,8,5,1990,1990,Gable,CompShg,Wd Sdng,Wd Sdng,BrkFace,336,Gd,TA,PConc,Ex,TA,No,GLQ,482,Unf,0,971,1453,GasA,Ex,Y,SBrkr,1453,1357,0,2810,0,0,2,1,4,1,Gd,9,Typ,1,Ex,Attchd,1990,RFn,2,750,Gd,Gd,Y,500,0,0,0,0,0,,,,0,6,2007,WD,Normal,"{'f1': 'Norm', 'f2': 'Bnk', 'f3': 'Norm'}",moderate
1314,108,14774,Pave,IR1,AllPub,60,RL,Corner,Gtl,NoRidge,1Fam,2Story,9,5,1999,1999,Gable,CompShg,VinylSd,VinylSd,BrkFace,165,Gd,TA,PConc,Gd,TA,No,Unf,0,Unf,0,1393,1393,GasA,Ex,Y,SBrkr,1422,1177,0,2599,0,0,2,1,4,1,Gd,10,Typ,1,TA,BuiltIn,1999,Fin,3,779,TA,TA,Y,668,30,0,0,0,0,,,,0,5,2010,WD,Normal,"{'f1': 'Norm', 'f2': 'Lvl', 'f3': 'Norm'}",expensive
1315,60,8190,Pave,Reg,AllPub,20,RL,Inside,Gtl,Edwards,1Fam,1Story,4,6,1954,1954,Hip,CompShg,Wd Sdng,Wd Sdng,None,0,TA,TA,CBlock,TA,TA,No,Rec,732,Unf,0,216,948,GasA,Ex,Y,SBrkr,948,0,0,948,1,0,1,0,3,1,TA,5,Typ,1,TA,Detchd,1956,Unf,1,280,TA,TA,Y,0,36,0,0,0,0,,,,0,10,2007,WD,Normal,"{'f1': 'Norm', 'f2': 'Lvl', 'f3': 'Norm'}",cheap
1316,85,11075,Pave,Reg,AllPub,60,RL,Inside,Gtl,NAmes,1Fam,2Story,6,5,1969,1969,Gable,CompShg,HdBoard,HdBoard,None,0,TA,TA,CBlock,Fa,TA,Mn,ALQ,500,LwQ,276,176,952,GasA,TA,Y,SBrkr,1092,1020,0,2112,0,0,2,1,4,1,TA,9,Typ,2,Gd,Attchd,1969,Unf,2,576,TA,TA,Y,280,0,0,0,0,0,,,,0,6,2008,WD,Normal,"{'f1': 'Norm', 'f2': 'Lvl', 'f3': 'Norm'}",moderate
1317,61,10226,Pave,IR1,AllPub,20,RL,Inside,Gtl,CollgCr,1Fam,1Story,8,5,2008,2008,Gable,CompShg,VinylSd,VinylSd,Stone,270,Gd,TA,PConc,Ex,TA,Gd,Unf,0,Unf,0,1622,1622,GasA,Ex,Y,SBrkr,1630,0,0,1630,1,0,2,0,3,1,Ex,8,Typ,1,Gd,Attchd,2008,RFn,3,860,TA,TA,Y,172,42,0,0,0,0,,,,0,1,2009,WD,Normal,"{'f1': 'Norm', 'f2': 'Lvl', 'f3': 'Norm'}",moderate
1318,47,4230,Pave,Reg,AllPub,120,FV,Corner,Gtl,Somerst,TwnhsE,1Story,7,5,2006,2007,Gable,CompShg,VinylSd,VinylSd,None,0,Gd,TA,PConc,Ex,Gd,No,Unf,0,Unf,0,1352,1352,GasA,Ex,Y,SBrkr,1352,0,0,1352,0,0,2,0,2,1,Gd,5,Typ,1,Gd,Attchd,2006,RFn,2,466,TA,TA,Y,0,241,0,0,0,0,,,,0,4,2007,New,Partial,"{'f1': 'Norm', 'f2': 'Lvl', 'f3': 'Norm'}",moderate
1319,,14781,Pave,IR2,AllPub,20,RL,CulDSac,Gtl,CollgCr,1Fam,1Story,8,5,2001,2002,Hip,CompShg,VinylSd,VinylSd,BrkFace,178,Gd,TA,PConc,Gd,TA,Gd,Unf,0,Unf,0,1753,1753,GasA,Ex,Y,SBrkr,1787,0,0,1787,0,0,2,0,3,1,Gd,7,Typ,1,TA,Attchd,2001,RFn,3,748,TA,TA,Y,198,150,0,0,0,0,,,,0,8,2006,WD,Normal,"{'f1': 'Norm', 'f2': 'Lvl', 'f3': 'Artery'}",moderate
1320,75,10215,Pave,Reg,AllPub,20,RL,Inside,Gtl,Edwards,1Fam,1Story,4,5,1954,1954,Hip,CompShg,Wd Sdng,Wd Sdng,BrkFace,132,TA,TA,PConc,TA,TA,No,ALQ,492,Unf,0,372,864,GasA,Ex,Y,SBrkr,948,0,0,948,0,0,1,0,3,1,TA,5,Typ,0,,Attchd,1954,Unf,1,248,TA,TA,Y,0,0,0,0,0,0,,,,0,2,2007,WD,Normal,"{'f1': 'Norm', 'f2': 'Lvl', 'f3': 'Norm'}",cheap
1321,70,8400,Pave,Reg,AllPub,20,RL,Inside,Gtl,NAmes,1Fam,1Story,6,3,1957,1957,Hip,CompShg,BrkFace,BrkFace,None,0,TA,TA,CBlock,TA,TA,No,ALQ,189,Rec,661,628,1478,GasA,Gd,Y,SBrkr,1478,0,0,1478,1,0,1,1,3,1,TA,6,Typ,2,Gd,Attchd,1957,RFn,2,442,TA,TA,Y,114,0,0,0,216,0,,,,0,6,2009,WD,Normal,"{'f1': 'Norm', 'f2': 'Lvl', 'f3': 'Norm'}",moderate
1322,,6627,Pave,IR1,AllPub,20,RL,Corner,Gtl,BrkSide,1Fam,1Story,3,6,1949,1950,Hip,CompShg,VinylSd,VinylSd,None,0,TA,TA,CBlock,,,,,0,,0,0,0,Floor,TA,N,SBrkr,720,0,0,720,0,0,1,0,2,1,TA,4,Typ,0,,Detchd,1955,Unf,1,287,TA,Fa,Y,0,0,0,0,0,0,,,,0,7,2008,WD,Normal,"{'f1': 'Norm', 'f2': 'Lvl', 'f3': 'Norm'}",cheap
1323,107,10186,Pave,IR1,AllPub,60,RL,Inside,Gtl,NoRidge,1Fam,2Story,7,5,1992,1992,Gable,CompShg,HdBoard,HdBoard,None,0,Gd,TA,PConc,Gd,TA,No,GLQ,674,Unf,0,76,750,GasA,Ex,Y,SBrkr,1061,862,0,1923,1,0,2,1,3,1,Gd,8,Typ,1,TA,Attchd,1992,RFn,2,564,TA,TA,Y,240,39,0,0,0,0,,,,0,6,2010,WD,Normal,"{'f1': 'Norm', 'f2': 'Lvl', 'f3': 'Norm'}",moderate
1324,50,5330,Pave,Reg,AllPub,30,RL,Inside,Gtl,BrkSide,1Fam,1Story,4,7,1940,1950,Hip,CompShg,VinylSd,VinylSd,None,0,Fa,TA,CBlock,TA,TA,No,LwQ,280,Unf,0,140,420,GasA,Gd,Y,SBrkr,708,0,0,708,0,0,1,0,2,1,Fa,5,Typ,0,,,,,0,0,,,Y,164,0,0,0,0,0,,,,0,12,2009,WD,Normal,"{'f1': 'Norm', 'f2': 'Bnk', 'f3': 'Norm'}",cheap
1325,75,9986,Pave,Reg,AllPub,20,RL,Inside,Gtl,Somerst,1Fam,1Story,8,5,2006,2007,Gable,CompShg,VinylSd,VinylSd,BrkFace,428,Gd,TA,PConc,Ex,TA,Av,Unf,0,Unf,0,1795,1795,GasA,Ex,Y,SBrkr,1795,0,0,1795,0,0,2,0,2,1,Gd,7,Typ,1,Gd,Attchd,2007,RFn,3,895,TA,TA,Y,0,49,0,0,0,0,,,,0,2,2007,New,Partial,"{'f1': 'Norm', 'f2': 'Lvl', 'f3': 'Norm'}",moderate
1326,40,3636,Pave,Reg,AllPub,30,RM,Inside,Gtl,IDOTRR,1Fam,1Story,4,4,1922,1950,Gable,CompShg,AsbShng,AsbShng,None,0,TA,TA,BrkTil,TA,Fa,No,Unf,0,Unf,0,796,796,GasA,Fa,N,SBrkr,796,0,0,796,0,0,1,0,2,1,TA,5,Typ,0,,,,,0,0,,,N,0,0,100,0,0,0,,MnPrv,,0,1,2008,WD,Normal,"{'f1': 'Norm', 'f2': 'Lvl', 'f3': 'Norm'}",cheap
1327,70,4270,Pave,Reg,AllPub,30,RH,Inside,Mod,Edwards,1Fam,1Story,3,6,1931,2006,Gable,CompShg,MetalSd,MetalSd,None,0,TA,TA,BrkTil,TA,TA,No,Rec,544,Unf,0,0,544,GasA,Ex,Y,SBrkr,774,0,0,774,0,0,1,0,3,1,Gd,6,Typ,0,,,,,0,0,,,Y,0,0,286,0,0,0,,,,0,5,2007,WD,Normal,"{'f1': 'Norm', 'f2': 'Lvl', 'f3': 'Norm'}",cheap
1328,60,6600,Pave,Reg,AllPub,20,RL,Inside,Gtl,Mitchel,1Fam,1Story,5,9,1982,2008,Gable,CompShg,VinylSd,VinylSd,None,0,Gd,Gd,CBlock,TA,TA,No,ALQ,641,Unf,0,175,816,GasA,Ex,Y,SBrkr,816,0,0,816,0,1,1,0,3,1,Gd,5,Typ,1,Ex,Attchd,1982,Unf,1,264,TA,TA,Y,0,0,0,0,0,0,,MnPrv,,0,10,2008,WD,Normal,"{'f1': 'Norm', 'f2': 'Lvl', 'f3': 'Norm'}",moderate
1329,60,10440,Pave,Reg,AllPub,50,RM,Corner,Gtl,OldTown,1Fam,1.5Fin,6,7,1920,1950,Gable,CompShg,BrkFace,Wd Sdng,None,0,Gd,Gd,BrkTil,Gd,TA,No,LwQ,493,Unf,0,1017,1510,GasW,Ex,Y,SBrkr,1584,1208,0,2792,0,0,2,0,5,1,TA,8,Mod,2,TA,Detchd,1920,Unf,2,520,Fa,TA,Y,0,547,0,0,480,0,,MnPrv,Shed,1150,6,2008,WD,Normal,"{'f1': 'Norm', 'f2': 'Lvl', 'f3': 'Norm'}",moderate
1330,63,9084,Pave,IR1,AllPub,60,RL,Inside,Gtl,Gilbert,1Fam,2Story,7,5,1998,1998,Hip,CompShg,VinylSd,VinylSd,None,0,TA,TA,PConc,Gd,TA,No,Unf,0,Unf,0,935,935,GasA,Gd,Y,SBrkr,955,677,0,1632,0,0,2,1,3,1,TA,8,Typ,1,TA,Attchd,1998,Fin,2,462,TA,TA,Y,0,28,0,0,0,0,,,,0,6,2006,WD,Normal,"{'f1': 'Norm', 'f2': 'Lvl', 'f3': 'Norm'}",moderate
1331,85,10000,Pave,Reg,AllPub,20,RL,Inside,Gtl,Somerst,1Fam,1Story,8,5,2006,2006,Hip,CompShg,VinylSd,VinylSd,Stone,410,Gd,TA,PConc,Gd,Gd,Av,Unf,0,Unf,0,1588,1588,GasA,Ex,Y,SBrkr,1588,0,0,1588,0,0,2,0,3,1,Gd,7,Typ,1,Gd,Attchd,2006,RFn,3,825,TA,TA,Y,144,45,0,0,0,0,,,,0,12,2007,WD,Normal,"{'f1': 'Norm', 'f2': 'Low', 'f3': 'Norm'}",moderate
1332,55,10780,Pave,IR1,AllPub,80,RL,Inside,Gtl,CollgCr,1Fam,SLvl,5,5,1976,1976,Gable,CompShg,MetalSd,MetalSd,None,0,TA,TA,CBlock,TA,TA,Av,ALQ,483,Unf,0,428,911,GasA,Gd,Y,SBrkr,954,0,0,954,0,0,1,0,3,1,TA,6,Typ,0,,Detchd,1976,Unf,2,576,TA,TA,Y,0,0,0,0,0,0,,,,0,7,2006,WD,Normal,"{'f1': 'Norm', 'f2': 'Lvl', 'f3': 'Norm'}",moderate
1333,67,8877,Pave,Reg,AllPub,20,RL,Inside,Mod,Edwards,1Fam,1Story,4,6,1938,1958,Gable,CompShg,MetalSd,MetalSd,None,0,TA,TA,CBlock,TA,TA,Mn,ALQ,690,Unf,0,126,816,GasA,Ex,Y,SBrkr,816,0,0,816,1,0,1,0,2,1,TA,3,Typ,1,Gd,Detchd,1958,Unf,1,288,Fa,Fa,Y,0,0,0,0,0,0,,,,0,5,2009,WD,Normal,"{'f1': 'Norm', 'f2': 'Lvl', 'f3': 'Norm'}",cheap
1334,60,7200,Pave,Reg,AllPub,50,RM,Corner,Gtl,IDOTRR,1Fam,1.5Fin,5,6,1938,1995,Gable,CompShg,Wd Sdng,Wd Sdng,None,0,TA,TA,CBlock,TA,TA,No,Unf,0,Unf,0,803,803,GasA,Ex,Y,SBrkr,803,557,0,1360,0,0,1,1,2,1,Gd,6,Typ,0,,Detchd,1951,Unf,1,297,TA,TA,Y,0,65,190,0,0,0,,MnPrv,,0,7,2006,WD,Normal,"{'f1': 'Norm', 'f2': 'Lvl', 'f3': 'Norm'}",moderate
1335,24,2368,Pave,Reg,AllPub,160,RM,Inside,Gtl,BrDale,TwnhsE,2Story,5,6,1970,1970,Gable,CompShg,HdBoard,HdBoard,None,312,TA,TA,CBlock,TA,TA,No,LwQ,765,Unf,0,0,765,GasA,TA,Y,SBrkr,765,600,0,1365,0,0,1,1,3,1,TA,7,Min1,0,,Attchd,1970,Unf,2,440,TA,TA,Y,0,36,0,0,0,0,,,,0,5,2009,WD,Normal,"{'f1': 'Norm', 'f2': 'Lvl', 'f3': 'Norm'}",moderate
1336,80,9650,Pave,Reg,AllPub,20,RL,Inside,Gtl,NWAmes,1Fam,1Story,6,5,1977,1977,Gable,CompShg,Plywood,Plywood,BrkFace,360,TA,TA,CBlock,Gd,TA,No,ALQ,686,Unf,0,664,1350,GasA,TA,Y,SBrkr,1334,0,0,1334,0,1,2,0,2,1,TA,6,Typ,1,TA,Attchd,1977,RFn,2,630,TA,TA,Y,0,16,0,0,0,0,,,,0,4,2009,WD,Normal,"{'f1': 'Norm', 'f2': 'Lvl', 'f3': 'Norm'}",moderate
1337,87,9246,Pave,IR1,AllPub,90,RL,Inside,Gtl,NWAmes,Duplex,1Story,5,5,1973,1973,Gable,CompShg,Plywood,Plywood,BrkFace,564,TA,TA,CBlock,TA,TA,No,Unf,0,Unf,0,1656,1656,GasA,TA,Y,SBrkr,1656,0,0,1656,0,0,2,0,4,2,TA,8,Typ,0,,Detchd,1973,Unf,2,506,TA,TA,Y,0,211,0,0,0,0,,,,0,11,2008,WD,Normal,"{'f1': 'Norm', 'f2': 'Lvl', 'f3': 'Norm'}",moderate
1338,153,4118,Pave,IR1,AllPub,30,RM,Corner,Mod,OldTown,1Fam,1Story,4,4,1941,1950,Gable,CompShg,Wd Sdng,Wd Sdng,None,0,TA,TA,CBlock,TA,TA,No,Unf,0,Unf,0,693,693,Grav,Fa,N,FuseA,693,0,0,693,0,0,1,0,2,1,Fa,4,Typ,0,,,,,0,0,,,N,0,20,0,0,0,0,,,,0,3,2006,WD,Normal,"{'f1': 'Norm', 'f2': 'Bnk', 'f3': 'Feedr'}",cheap
1339,95,13450,Pave,IR1,AllPub,60,RL,Corner,Gtl,CollgCr,1Fam,2Story,7,5,2002,2002,Gable,CompShg,VinylSd,VinylSd,None,0,Gd,TA,PConc,Gd,TA,No,GLQ,700,Unf,0,216,916,GasA,Ex,Y,SBrkr,920,941,0,1861,1,0,2,1,3,1,Gd,8,Typ,0,,BuiltIn,2002,RFn,2,492,TA,TA,Y,146,91,0,0,0,0,,,,0,6,2006,WD,Normal,"{'f1': 'Norm', 'f2': 'Lvl', 'f3': 'PosN'}",moderate
1340,120,9560,Pave,IR1,AllPub,20,RL,Corner,Gtl,CollgCr,1Fam,1Story,5,7,1972,1972,Hip,CompShg,MetalSd,MetalSd,None,0,TA,Gd,CBlock,TA,TA,Mn,Rec,360,Unf,0,504,864,GasA,Ex,Y,SBrkr,864,0,0,864,0,0,1,0,3,1,TA,5,Typ,0,,Attchd,1972,RFn,1,288,TA,TA,Y,0,0,0,0,0,0,,,,0,6,2006,WD,Normal,"{'f1': 'Norm', 'f2': 'Lvl', 'f3': 'Norm'}",moderate
1341,70,8294,Pave,Reg,AllPub,20,RL,Inside,Gtl,NAmes,1Fam,1Story,4,5,1971,1971,Gable,CompShg,MetalSd,MetalSd,None,0,TA,TA,CBlock,TA,TA,No,Unf,0,Unf,0,858,858,GasA,TA,Y,SBrkr,872,0,0,872,0,0,1,0,3,1,TA,5,Typ,0,,Detchd,1974,Unf,4,480,TA,TA,Y,0,0,0,0,0,0,,GdWo,,0,6,2007,WD,Normal,"{'f1': 'Norm', 'f2': 'Lvl', 'f3': 'Norm'}",moderate
1342,66,13695,Pave,Reg,AllPub,20,RL,Inside,Gtl,SawyerW,1Fam,1Story,6,5,2003,2004,Gable,CompShg,VinylSd,VinylSd,None,0,TA,TA,PConc,Gd,TA,No,GLQ,814,Unf,0,300,1114,GasA,Ex,Y,SBrkr,1114,0,0,1114,1,0,1,0,3,1,Gd,6,Typ,0,,Detchd,2004,Unf,2,576,TA,TA,Y,0,78,0,0,0,0,,,,0,7,2008,WD,Normal,"{'f1': 'Norm', 'f2': 'Lvl', 'f3': 'Norm'}",moderate
1343,,9375,Pave,Reg,AllPub,60,RL,Inside,Gtl,CollgCr,1Fam,2Story,8,5,2002,2002,Gable,CompShg,VinylSd,VinylSd,BrkFace,149,Gd,TA,PConc,Gd,TA,No,Unf,0,Unf,0,1284,1284,GasA,Ex,Y,SBrkr,1284,885,0,2169,0,0,2,1,3,1,Gd,7,Typ,1,Gd,Attchd,2002,RFn,2,647,TA,TA,Y,192,87,0,0,0,0,,,,0,8,2007,WD,Normal,"{'f1': 'Norm', 'f2': 'Lvl', 'f3': 'Norm'}",moderate
1344,57,7558,Pave,Reg,AllPub,50,RL,Inside,Gtl,Crawfor,1Fam,1.5Fin,6,6,1928,1950,Gable,CompShg,BrkFace,Stone,None,0,TA,TA,BrkTil,TA,TA,No,Unf,0,Unf,0,896,896,GasA,Gd,Y,SBrkr,1172,741,0,1913,0,0,1,1,3,1,TA,9,Typ,1,TA,Detchd,1929,Unf,2,342,Fa,Fa,Y,0,0,0,0,0,0,,,,0,3,2009,WD,Normal,"{'f1': 'Norm', 'f2': 'Lvl', 'f3': 'Norm'}",moderate
1345,85,11103,Pave,IR1,AllPub,60,RL,Corner,Gtl,CollgCr,1Fam,2Story,7,5,2006,2006,Gable,CompShg,VinylSd,VinylSd,None,0,Gd,TA,PConc,Gd,TA,No,Unf,0,Unf,0,728,728,GasA,Ex,Y,SBrkr,728,728,0,1456,0,0,2,1,3,1,Gd,8,Typ,1,TA,Attchd,2006,Fin,2,440,TA,TA,Y,0,0,0,0,0,0,,,,0,7,2007,New,Partial,"{'f1': 'Norm', 'f2': 'Lvl', 'f3': 'Norm'}",moderate
1346,50,6000,Pave,Reg,AllPub,30,RM,Inside,Gtl,OldTown,1Fam,1Story,4,4,1920,1950,Hip,CompShg,MetalSd,MetalSd,None,0,TA,TA,PConc,TA,TA,No,ALQ,250,Unf,0,710,960,GasA,Gd,Y,FuseA,960,0,0,960,0,0,1,0,2,1,Fa,5,Typ,0,,Detchd,1997,Unf,1,308,TA,TA,Y,0,0,168,0,0,0,,,,0,7,2007,WD,Normal,"{'f1': 'Norm', 'f2': 'Lvl', 'f3': 'Norm'}",cheap
1347,,20781,Pave,IR2,AllPub,20,RL,CulDSac,Gtl,NWAmes,1Fam,1Story,7,7,1968,2003,Hip,CompShg,BrkFace,HdBoard,None,0,TA,TA,CBlock,TA,TA,No,BLQ,297,Rec,68,1203,1568,GasA,TA,Y,SBrkr,2156,0,0,2156,0,0,2,0,3,1,TA,9,Typ,1,Gd,Attchd,1968,RFn,2,508,Gd,TA,Y,0,80,0,290,0,0,,,,0,6,2006,WD,Normal,"{'f1': 'Norm', 'f2': 'Lvl', 'f3': 'Norm'}",moderate
1348,93,15306,Pave,IR1,AllPub,20,RL,Corner,Gtl,Timber,1Fam,1Story,8,5,2006,2007,Gable,CompShg,VinylSd,VinylSd,Stone,100,Gd,TA,PConc,Ex,TA,Gd,GLQ,80,Unf,0,1652,1732,GasA,Ex,Y,SBrkr,1776,0,0,1776,1,0,2,0,3,1,Gd,7,Typ,1,Gd,Attchd,2006,Fin,3,712,TA,TA,Y,0,0,0,0,0,0,,,,0,5,2007,New,Partial,"{'f1': 'Norm', 'f2': 'Lvl', 'f3': 'Norm'}",moderate
1349,,16196,Pave,IR3,AllPub,20,RL,Inside,Gtl,SawyerW,1Fam,1Story,7,5,1998,1998,Gable,CompShg,VinylSd,VinylSd,None,0,Gd,TA,PConc,Gd,TA,Gd,GLQ,1443,Unf,0,39,1482,GasA,Ex,Y,SBrkr,1494,0,0,1494,1,0,2,0,3,1,Gd,5,Typ,1,Fa,Attchd,1998,RFn,2,514,TA,TA,Y,402,25,0,0,0,0,,,,0,8,2007,WD,Normal,"{'f1': 'Norm', 'f2': 'Lvl', 'f3': 'Norm'}",moderate
1350,50,5250,Pave,Reg,AllPub,70,RM,Inside,Gtl,OldTown,1Fam,2Story,8,5,1872,1987,Gable,CompShg,MetalSd,MetalSd,None,0,TA,Gd,BrkTil,TA,Fa,No,LwQ,259,Unf,0,425,684,OthW,Fa,N,SBrkr,938,1215,205,2358,0,0,2,0,4,1,TA,8,Typ,0,,,,,0,0,,,Y,0,54,20,0,0,0,,,,0,12,2008,WD,Normal,"{'f1': 'Norm', 'f2': 'Lvl', 'f3': 'Norm'}",moderate
1351,91,11643,Pave,Reg,AllPub,90,RL,Inside,Gtl,NAmes,Duplex,2Story,5,5,1969,1969,Gable,CompShg,MetalSd,MetalSd,BrkFace,368,TA,TA,CBlock,TA,TA,No,LwQ,500,Unf,0,748,1248,GasA,TA,Y,SBrkr,1338,1296,0,2634,1,1,2,2,6,2,TA,12,Typ,0,,Detchd,1969,Unf,4,968,TA,TA,Y,0,0,0,0,0,0,,,,0,8,2009,WD,Normal,"{'f1': 'Norm', 'f2': 'Lvl', 'f3': 'Norm'}",moderate
1352,70,9247,Pave,IR1,AllPub,60,RL,Inside,Gtl,NAmes,1Fam,2Story,6,6,1962,1962,Gable,CompShg,HdBoard,HdBoard,BrkFace,318,TA,TA,CBlock,TA,TA,No,Rec,319,Unf,0,539,858,GasA,Ex,Y,SBrkr,858,858,0,1716,0,0,1,1,4,1,TA,8,Typ,1,Gd,Attchd,1962,Fin,2,490,TA,TA,Y,0,84,0,0,120,0,,,,0,3,2008,WD,Normal,"{'f1': 'Norm', 'f2': 'Lvl', 'f3': 'Norm'}",moderate
1353,50,6000,Pave,Reg,AllPub,50,RM,Inside,Gtl,BrkSide,1Fam,1.5Fin,6,9,1937,2000,Gable,CompShg,MetalSd,MetalSd,None,0,Gd,TA,BrkTil,TA,TA,No,Unf,0,Unf,0,698,698,GasA,TA,Y,SBrkr,786,390,0,1176,0,0,1,0,2,1,TA,4,Typ,0,,Detchd,1999,Unf,2,624,TA,TA,N,210,0,0,0,0,0,,,,0,7,2009,WD,Normal,"{'f1': 'Norm', 'f2': 'Lvl', 'f3': 'Artery'}",moderate
1354,56,14720,Pave,IR1,AllPub,50,RL,CulDSac,Gtl,NoRidge,1Fam,1.5Fin,8,5,1995,1996,Hip,CompShg,VinylSd,VinylSd,BrkFace,579,Gd,TA,PConc,Gd,TA,Av,GLQ,816,Unf,0,1217,2033,GasA,Ex,Y,SBrkr,2053,1185,0,3238,1,0,2,1,4,1,Gd,9,Typ,1,Ex,Attchd,1996,Fin,3,666,TA,TA,Y,283,86,0,0,0,0,,,,0,3,2010,WD,Normal,"{'f1': 'Norm', 'f2': 'Lvl', 'f3': 'Norm'}",expensive
1355,,10316,Pave,IR1,AllPub,60,RL,Inside,Gtl,CollgCr,1Fam,2Story,7,5,2000,2000,Gable,CompShg,VinylSd,VinylSd,None,0,Gd,TA,PConc,Gd,TA,No,GLQ,735,Unf,0,257,992,GasA,Ex,Y,SBrkr,992,873,0,1865,1,0,2,1,3,1,Gd,7,Typ,1,TA,Attchd,2000,RFn,3,839,TA,TA,Y,0,184,0,0,0,0,,,,0,6,2008,WD,Normal,"{'f1': 'Norm', 'f2': 'Lvl', 'f3': 'RRAe'}",moderate
1356,102,10192,Pave,IR1,AllPub,80,RL,Inside,Gtl,NWAmes,1Fam,SLvl,7,6,1968,1992,Gable,CompShg,MetalSd,MetalSd,BrkFace,143,TA,TA,CBlock,TA,TA,No,Unf,0,Unf,0,570,570,GasA,Gd,Y,SBrkr,1222,698,0,1920,0,0,3,0,4,1,Gd,8,Typ,1,TA,Attchd,1968,RFn,2,487,TA,TA,Y,0,98,0,0,0,0,,GdPrv,,0,9,2006,WD,Normal,"{'f1': 'Norm', 'f2': 'Lvl', 'f3': 'Norm'}",moderate
1357,,9477,Pave,Reg,AllPub,20,RL,Corner,Gtl,NAmes,1Fam,1Story,5,5,1966,1966,Gable,CompShg,HdBoard,HdBoard,BrkFace,65,TA,TA,CBlock,TA,TA,No,Rec,340,Unf,0,524,864,GasA,TA,Y,SBrkr,892,0,0,892,0,0,1,0,3,1,TA,5,Typ,0,,Attchd,1966,RFn,1,264,TA,TA,Y,0,0,0,0,0,0,,GdWo,,0,10,2008,WD,Normal,"{'f1': 'Norm', 'f2': 'Lvl', 'f3': 'Norm'}",cheap
1358,,12537,Pave,IR1,AllPub,20,RL,CulDSac,Gtl,NAmes,1Fam,1Story,5,6,1971,2008,Gable,CompShg,VinylSd,VinylSd,None,0,TA,TA,CBlock,TA,TA,No,GLQ,734,Unf,0,344,1078,GasA,Ex,Y,SBrkr,1078,0,0,1078,1,0,1,1,3,1,TA,6,Typ,1,Fa,Attchd,1971,Fin,2,500,TA,TA,Y,0,0,0,0,0,0,,,,0,4,2010,WD,Normal,"{'f1': 'Norm', 'f2': 'Lvl', 'f3': 'Norm'}",moderate
1359,,2117,Pave,Reg,AllPub,160,FV,Inside,Gtl,Somerst,Twnhs,2Story,6,5,2000,2000,Gable,CompShg,MetalSd,MetalSd,BrkFace,216,Gd,TA,PConc,Gd,TA,No,GLQ,378,Unf,0,378,756,GasA,Ex,Y,SBrkr,769,804,0,1573,0,0,2,1,3,1,Gd,5,Typ,0,,Detchd,2000,Unf,2,440,TA,TA,Y,0,32,0,0,0,0,,,,0,6,2010,WD,Normal,"{'f1': 'Norm', 'f2': 'Lvl', 'f3': 'Norm'}",moderate
1360,129,16737,Pave,Reg,AllPub,20,RL,FR3,Gtl,NridgHt,1Fam,1Story,9,5,2004,2005,Hip,CompShg,VinylSd,VinylSd,BrkFace,66,Gd,TA,PConc,Ex,TA,Av,GLQ,1447,Unf,0,533,1980,GasA,Ex,Y,SBrkr,1980,0,0,1980,1,0,2,0,3,1,Ex,8,Typ,1,Gd,Attchd,2004,Fin,3,770,TA,TA,Y,194,45,0,0,0,0,,,,0,9,2006,WD,Normal,"{'f1': 'Norm', 'f2': 'Lvl', 'f3': 'Norm'}",expensive
1361,51,9842,Pave,Reg,AllPub,70,RL,Inside,Gtl,SWISU,1Fam,2Story,5,6,1921,1998,Gable,CompShg,MetalSd,Wd Sdng,None,0,TA,TA,BrkTil,TA,Fa,No,Unf,0,Unf,0,612,612,GasA,Ex,Y,SBrkr,990,1611,0,2601,0,0,3,1,4,1,TA,8,Typ,0,,BuiltIn,1998,RFn,2,621,TA,TA,Y,183,0,301,0,0,0,,,,0,5,2008,WD,Normal,"{'f1': 'Norm', 'f2': 'Lvl', 'f3': 'Norm'}",moderate
1362,124,16158,Pave,IR1,AllPub,20,RL,Inside,Mod,StoneBr,1Fam,1Story,7,5,2005,2005,Hip,CompShg,VinylSd,VinylSd,Stone,16,Gd,TA,PConc,Ex,TA,Av,ALQ,1274,Unf,0,256,1530,GasA,Ex,Y,SBrkr,1530,0,0,1530,1,0,2,0,3,1,Gd,7,Typ,1,Gd,Attchd,2005,Fin,2,430,TA,TA,Y,168,36,0,0,0,0,,,,0,6,2009,WD,Normal,"{'f1': 'Norm', 'f2': 'Lvl', 'f3': 'Norm'}",moderate
1363,,12513,Pave,IR1,AllPub,50,RL,FR2,Gtl,NAmes,1Fam,1.5Fin,4,4,1920,2007,Gable,CompShg,VinylSd,VinylSd,None,0,TA,Gd,BrkTil,TA,Fa,No,Unf,0,Unf,0,715,715,GasA,Gd,Y,SBrkr,1281,457,0,1738,0,0,2,0,4,1,TA,7,Typ,1,Gd,Attchd,1920,Unf,1,368,TA,TA,Y,55,0,0,0,0,0,,,,0,6,2009,WD,Normal,"{'f1': 'Norm', 'f2': 'Lvl', 'f3': 'Norm'}",cheap
1364,73,8499,Pave,IR1,AllPub,60,RL,Inside,Gtl,Gilbert,1Fam,2Story,6,5,2006,2007,Gable,CompShg,VinylSd,VinylSd,None,0,TA,TA,PConc,Gd,TA,No,Unf,0,Unf,0,616,616,GasA,Ex,Y,SBrkr,616,796,0,1412,0,0,2,1,3,1,Gd,6,Typ,1,Gd,BuiltIn,2007,Fin,2,432,TA,TA,Y,0,36,0,0,0,0,,,,0,3,2007,New,Partial,"{'f1': 'Norm', 'f2': 'Lvl', 'f3': 'Norm'}",moderate
1365,30,3180,Pave,Reg,AllPub,160,FV,Inside,Gtl,Somerst,TwnhsE,2Story,7,5,2005,2005,Gable,CompShg,MetalSd,MetalSd,None,0,Gd,TA,PConc,Gd,TA,No,Unf,0,Unf,0,600,600,GasA,Ex,Y,SBrkr,520,600,80,1200,0,0,2,1,2,1,Gd,4,Typ,0,,Detchd,2005,RFn,2,480,TA,TA,Y,0,166,0,0,0,0,,,,0,4,2006,WD,Abnorml,"{'f1': 'Norm', 'f2': 'Lvl', 'f3': 'Norm'}",moderate
1366,,7500,Pave,Reg,AllPub,60,FV,Inside,Gtl,Somerst,1Fam,2Story,7,5,2000,2000,Gable,CompShg,VinylSd,VinylSd,None,0,Gd,TA,PConc,Gd,TA,No,GLQ,533,Unf,0,281,814,GasA,Ex,Y,SBrkr,814,860,0,1674,1,0,2,1,3,1,Gd,7,Typ,0,,Attchd,2000,RFn,2,663,TA,TA,Y,0,96,0,0,0,0,,,,0,1,2010,WD,Normal,"{'f1': 'Norm', 'f2': 'Lvl', 'f3': 'Artery'}",moderate
1367,68,9179,Pave,IR1,AllPub,60,RL,Inside,Gtl,CollgCr,1Fam,2Story,7,5,1999,1999,Gable,CompShg,VinylSd,VinylSd,BrkFace,158,Gd,TA,PConc,Gd,TA,No,GLQ,633,Unf,0,240,873,GasA,Ex,Y,SBrkr,882,908,0,1790,1,0,2,1,3,1,Gd,7,Typ,0,,Attchd,1999,RFn,2,588,TA,TA,Y,0,88,0,0,0,0,,,,0,6,2008,WD,Abnorml,"{'f1': 'Norm', 'f2': 'Lvl', 'f3': 'Norm'}",moderate
1368,41,2665,Pave,Reg,AllPub,160,RM,Inside,Gtl,MeadowV,TwnhsE,2Story,5,6,1977,1977,Gable,CompShg,CemntBd,CmentBd,None,0,TA,TA,PConc,TA,TA,No,ALQ,548,Rec,173,36,757,GasA,Ex,Y,SBrkr,925,550,0,1475,0,0,2,0,4,1,TA,6,Typ,1,TA,Attchd,1977,RFn,1,336,TA,TA,Y,104,26,0,0,0,0,,,,0,7,2006,WD,Normal,"{'f1': 'Norm', 'f2': 'Lvl', 'f3': 'Norm'}",moderate
1369,,4435,Pave,Reg,AllPub,120,RM,Inside,Gtl,CollgCr,TwnhsE,1Story,6,5,2003,2004,Gable,CompShg,VinylSd,VinylSd,BrkFace,170,Gd,TA,PConc,Gd,TA,Av,GLQ,685,Unf,0,163,848,GasA,Ex,Y,SBrkr,848,0,0,848,1,0,1,0,1,1,Gd,4,Typ,0,,Attchd,2003,Fin,2,420,TA,TA,Y,140,0,0,0,0,0,,,,0,6,2009,WD,Normal,"{'f1': 'Norm', 'f2': 'Lvl', 'f3': 'Norm'}",moderate
1370,48,10635,Pave,IR2,AllPub,20,RL,FR2,Gtl,CollgCr,1Fam,1Story,8,5,2003,2003,Hip,CompShg,VinylSd,VinylSd,BrkFace,171,Gd,TA,PConc,Gd,TA,Av,BLQ,370,GLQ,972,315,1657,GasA,Ex,Y,SBrkr,1668,0,0,1668,1,0,2,0,3,1,Gd,8,Typ,1,TA,Attchd,2003,Fin,2,502,TA,TA,Y,0,262,0,0,0,0,,,,0,5,2010,WD,Normal,"{'f1': 'Norm', 'f2': 'HLS', 'f3': 'Norm'}",moderate
1371,90,5400,Pave,Reg,AllPub,50,RL,Corner,Gtl,OldTown,1Fam,1.5Fin,4,6,1920,1950,Gable,CompShg,CBlock,CBlock,None,0,Fa,TA,PConc,TA,TA,No,ALQ,315,Rec,105,420,840,GasA,Ex,Y,SBrkr,840,534,0,1374,0,0,1,0,2,1,TA,6,Typ,0,,Detchd,1967,Fin,1,338,TA,TA,Y,0,0,198,0,0,0,,,,0,10,2009,WD,Normal,"{'f1': 'Norm', 'f2': 'Lvl', 'f3': 'Norm'}",cheap
1372,80,9600,Pave,Reg,AllPub,80,RL,Inside,Gtl,NAmes,1Fam,SLvl,6,6,1955,1996,Hip,CompShg,AsbShng,AsbShng,None,0,TA,TA,CBlock,TA,TA,Av,BLQ,831,Unf,0,161,992,GasA,Gd,Y,SBrkr,1661,0,0,1661,1,0,1,0,3,1,Gd,8,Typ,1,TA,BuiltIn,1955,RFn,1,377,TA,TA,Y,0,28,0,0,178,0,,MnPrv,,0,10,2008,WD,Normal,"{'f1': 'Norm', 'f2': 'Lvl', 'f3': 'Norm'}",moderate
1373,75,9750,Pave,Reg,AllPub,60,RL,Corner,Gtl,CollgCr,1Fam,2Story,7,6,1998,1998,Gable,CompShg,VinylSd,VinylSd,None,0,TA,TA,PConc,Gd,TA,Av,GLQ,975,Unf,0,133,1108,GasA,Ex,Y,SBrkr,1108,989,0,2097,1,0,2,1,3,1,Gd,8,Typ,1,TA,Detchd,1998,RFn,2,583,TA,TA,Y,253,170,0,0,0,0,,,,0,6,2006,WD,Normal,"{'f1': 'Norm', 'f2': 'Lvl', 'f3': 'Norm'}",moderate
1374,,11400,Pave,Reg,AllPub,20,RL,Inside,Gtl,NoRidge,1Fam,1Story,10,5,2001,2002,Hip,CompShg,VinylSd,VinylSd,BrkFace,705,Ex,TA,PConc,Ex,TA,Gd,GLQ,1282,Unf,0,1351,2633,GasA,Ex,Y,SBrkr,2633,0,0,2633,1,0,2,1,2,1,Ex,8,Typ,2,Gd,Attchd,2001,RFn,3,804,TA,TA,Y,314,140,0,0,0,0,,,,0,3,2007,WD,Normal,"{'f1': 'Norm', 'f2': 'Lvl', 'f3': 'Norm'}",expensive
1375,85,10625,Pave,Reg,AllPub,60,FV,Inside,Gtl,Somerst,1Fam,2Story,7,5,2005,2005,Gable,CompShg,CemntBd,CmentBd,None,0,Gd,TA,PConc,Gd,TA,No,Unf,0,Unf,0,1026,1026,GasA,Ex,Y,SBrkr,1026,932,0,1958,0,0,2,1,3,1,Gd,9,Typ,1,Gd,Attchd,2005,Fin,3,936,TA,TA,Y,154,210,0,0,0,0,,,,0,7,2008,WD,Normal,"{'f1': 'Norm', 'f2': 'Lvl', 'f3': 'Norm'}",moderate
1376,89,10991,Pave,IR1,AllPub,20,RL,Inside,Gtl,Timber,1Fam,1Story,8,5,2007,2007,Gable,CompShg,VinylSd,VinylSd,BrkFace,80,Gd,TA,PConc,Gd,TA,Gd,Unf,0,Unf,0,1571,1571,GasA,Ex,Y,SBrkr,1571,0,0,1571,0,0,2,0,3,1,Gd,7,Typ,1,Gd,Attchd,2007,Fin,3,722,TA,TA,Y,100,36,0,0,0,0,,,,0,12,2007,New,Partial,"{'f1': 'Norm', 'f2': 'Lvl', 'f3': 'Norm'}",moderate
1377,52,6292,Pave,Reg,AllPub,30,RL,Inside,Gtl,SWISU,1Fam,1Story,6,5,1930,1950,Gable,CompShg,Wd Sdng,Wd Sdng,None,0,TA,TA,BrkTil,Gd,TA,Mn,Rec,384,Unf,0,384,768,GasA,TA,N,SBrkr,790,0,0,790,0,0,1,0,2,1,TA,4,Typ,0,,Detchd,1925,Unf,1,160,Fa,TA,Y,0,141,0,0,0,0,,,,0,4,2008,WD,Normal,"{'f1': 'Norm', 'f2': 'Lvl', 'f3': 'Norm'}",cheap
1378,60,10998,Pave,Reg,AllPub,50,RL,Inside,Gtl,Edwards,1Fam,1.5Fin,5,5,1941,1960,Gable,CompShg,Wd Sdng,Wd Sdng,None,0,TA,TA,CBlock,TA,TA,No,LwQ,408,BLQ,420,156,984,GasA,Ex,Y,SBrkr,984,620,0,1604,0,0,2,0,3,1,TA,6,Min2,0,,Detchd,1977,Unf,2,660,TA,TA,Y,0,68,0,0,0,0,,,,0,7,2009,WD,Normal,"{'f1': 'Norm', 'f2': 'Lvl', 'f3': 'Norm'}",cheap
1379,21,1953,Pave,Reg,AllPub,160,RM,Inside,Gtl,BrDale,Twnhs,2Story,6,5,1973,1973,Gable,CompShg,HdBoard,HdBoard,BrkFace,408,TA,TA,CBlock,TA,Fa,No,BLQ,309,Unf,0,174,483,GasA,TA,Y,SBrkr,483,504,0,987,0,0,1,1,2,1,TA,5,Typ,0,,Detchd,1973,Unf,1,264,TA,TA,Y,72,0,0,0,0,0,,,,0,6,2006,WD,Normal,"{'f1': 'Norm', 'f2': 'Lvl', 'f3': 'Norm'}",cheap
1380,73,9735,Pave,Reg,AllPub,80,RL,Inside,Gtl,Timber,1Fam,SLvl,5,5,2006,2007,Gable,CompShg,VinylSd,VinylSd,None,0,TA,TA,PConc,Gd,TA,No,Unf,0,Unf,0,384,384,GasA,Gd,Y,,754,640,0,1394,0,0,2,1,3,1,Gd,7,Typ,0,,BuiltIn,2007,Fin,2,400,TA,TA,Y,100,0,0,0,0,0,,,,0,5,2008,WD,Normal,"{'f1': 'Norm', 'f2': 'Lvl', 'f3': 'Norm'}",moderate
1381,45,8212,Pave,Reg,AllPub,30,RL,Inside,Gtl,Edwards,1Fam,1Story,3,3,1914,1950,Gable,CompShg,Stucco,Stucco,None,0,TA,Fa,BrkTil,TA,Fa,No,Rec,203,Unf,0,661,864,GasA,TA,N,FuseF,864,0,0,864,1,0,1,0,2,1,TA,5,Typ,0,,Detchd,1938,Unf,1,200,TA,Fa,Y,0,0,96,0,0,0,,,,0,6,2010,WD,Normal,"{'f1': 'Norm', 'f2': 'Lvl', 'f3': 'Feedr'}",cheap
1382,,12925,Pave,IR1,AllPub,20,RL,Corner,Gtl,NAmes,1Fam,1Story,6,7,1970,1970,Gable,CompShg,BrkFace,Plywood,None,0,TA,TA,CBlock,TA,TA,Mn,BLQ,865,Unf,0,340,1205,GasA,Ex,Y,SBrkr,2117,0,0,2117,0,0,2,1,4,1,TA,7,Typ,2,Gd,Attchd,1970,Fin,2,550,TA,TA,Y,0,42,0,0,0,0,,,,0,5,2008,WD,Normal,"{'f1': 'Norm', 'f2': 'Lvl', 'f3': 'Norm'}",moderate
1383,60,7200,Pave,Reg,AllPub,70,RM,Corner,Gtl,OldTown,1Fam,2Story,7,7,1920,1950,Hip,CompShg,Wd Sdng,Wd Sdng,None,0,TA,TA,BrkTil,Fa,TA,No,Unf,0,Unf,0,596,596,GasA,Ex,Y,SBrkr,998,764,0,1762,1,0,1,1,4,1,Gd,8,Typ,0,,Detchd,1989,Unf,2,576,TA,TA,N,36,0,221,0,0,0,,,,0,10,2006,WD,Normal,"{'f1': 'Norm', 'f2': 'Lvl', 'f3': 'Norm'}",moderate
1384,,25339,Pave,Reg,AllPub,30,RL,Inside,Gtl,Sawyer,1Fam,1Story,5,7,1918,2007,Gable,CompShg,Wd Sdng,Wd Sdng,None,0,TA,Gd,BrkTil,TA,TA,No,Unf,0,Unf,0,816,816,GasA,Ex,Y,SBrkr,1416,0,0,1416,0,0,2,0,3,1,Gd,7,Typ,0,,Attchd,2007,Unf,2,576,TA,TA,N,0,0,112,0,0,0,,,,0,8,2007,WD,Normal,"{'f1': 'Norm', 'f2': 'Lvl', 'f3': 'Norm'}",cheap
1385,60,9060,Pave,Reg,AllPub,50,RL,Inside,Gtl,Edwards,1Fam,1.5Fin,6,5,1939,1950,Gable,CompShg,WdShing,Wd Shng,None,0,TA,TA,BrkTil,TA,TA,Mn,Rec,204,Unf,0,356,560,GasA,TA,Y,SBrkr,698,560,0,1258,0,0,1,0,2,1,TA,6,Typ,0,,Detchd,1939,Unf,1,280,TA,TA,P,0,0,0,0,0,0,,MnPrv,,0,10,2009,WD,Normal,"{'f1': 'Norm', 'f2': 'Lvl', 'f3': 'Norm'}",cheap
1386,40,5436,Pave,Reg,AllPub,50,RM,Inside,Gtl,IDOTRR,1Fam,1.5Fin,4,8,1922,2007,Gable,CompShg,VinylSd,VinylSd,None,0,TA,Gd,BrkTil,TA,TA,No,BLQ,735,Unf,0,61,796,GasA,Gd,Y,SBrkr,796,358,0,1154,1,0,1,0,3,1,Gd,7,Typ,0,,Detchd,1922,Unf,1,240,TA,TA,N,0,96,0,0,0,0,,MnPrv,,0,5,2010,WD,Normal,"{'f1': 'Norm', 'f2': 'Lvl', 'f3': 'Norm'}",moderate
1387,80,16692,Pave,IR1,AllPub,60,RL,Inside,Gtl,NWAmes,1Fam,2Story,7,5,1978,1978,Gable,CompShg,Plywood,Plywood,BrkFace,184,TA,TA,CBlock,Gd,TA,No,BLQ,790,LwQ,469,133,1392,GasA,TA,Y,SBrkr,1392,1392,0,2784,1,0,3,1,5,1,Gd,12,Typ,2,TA,Attchd,1978,RFn,2,564,TA,TA,Y,0,112,0,0,440,519,Fa,MnPrv,TenC,2000,7,2006,WD,Normal,"{'f1': 'Norm', 'f2': 'Lvl', 'f3': 'Norm'}",moderate
1388,60,8520,Pave,Reg,AllPub,50,RM,Inside,Gtl,OldTown,1Fam,1.5Fin,6,7,1916,1950,Gable,CompShg,Stucco,Stucco,None,0,TA,Gd,BrkTil,TA,TA,No,Rec,168,LwQ,546,0,714,GasW,TA,N,SBrkr,1664,862,0,2526,0,0,2,0,5,1,Gd,10,Typ,1,Gd,Detchd,1916,Unf,1,216,TA,TA,Y,88,15,0,0,0,0,,GdWo,,0,8,2007,CWD,Family,"{'f1': 'Norm', 'f2': 'Lvl', 'f3': 'Norm'}",moderate
1389,42,14892,Pave,IR1,AllPub,20,RL,CulDSac,Gtl,Gilbert,1Fam,1Story,9,5,2006,2007,Gable,CompShg,VinylSd,VinylSd,Stone,160,Ex,TA,PConc,Ex,TA,Gd,GLQ,1320,Unf,0,426,1746,GasA,Ex,Y,SBrkr,1746,0,0,1746,1,0,2,0,3,1,Ex,7,Typ,2,Gd,Attchd,2006,Fin,3,758,TA,TA,Y,201,39,0,0,0,0,,,,0,10,2009,WD,Normal,"{'f1': 'Norm', 'f2': 'Lvl', 'f3': 'Norm'}",expensive
1390,60,6000,Pave,Reg,AllPub,50,RM,Inside,Gtl,BrkSide,1Fam,1.5Fin,6,6,1941,1950,Gable,CompShg,Wd Sdng,Wd Sdng,None,0,TA,Gd,BrkTil,TA,Gd,No,ALQ,375,Unf,0,360,735,GasA,Ex,Y,SBrkr,869,349,0,1218,0,1,1,0,3,1,TA,6,Typ,1,Gd,Detchd,2003,Unf,2,440,TA,TA,Y,0,0,0,0,0,0,,,,0,3,2007,WD,Normal,"{'f1': 'Norm', 'f2': 'Lvl', 'f3': 'Norm'}",moderate
1391,70,9100,Pave,Reg,AllPub,20,RL,Inside,Gtl,CollgCr,1Fam,1Story,7,5,2000,2000,Gable,CompShg,VinylSd,VinylSd,BrkFace,244,Gd,TA,PConc,Gd,TA,Av,GLQ,1400,Unf,0,125,1525,GasA,Ex,Y,SBrkr,1525,0,0,1525,1,0,2,0,3,1,Gd,6,Typ,0,,Attchd,2000,RFn,2,541,TA,TA,Y,219,36,0,0,0,0,,,,0,9,2006,WD,Normal,"{'f1': 'Norm', 'f2': 'Lvl', 'f3': 'Norm'}",moderate
1392,65,8944,Pave,Reg,AllPub,90,RL,Inside,Gtl,NAmes,Duplex,1Story,5,5,1967,1967,Gable,CompShg,Plywood,Plywood,None,0,TA,TA,CBlock,TA,TA,No,Unf,0,Unf,0,1584,1584,GasA,TA,Y,SBrkr,1584,0,0,1584,0,0,2,0,4,2,TA,8,Mod,0,,Detchd,1967,Unf,3,792,TA,TA,Y,0,152,0,0,0,0,,,,0,4,2009,WD,Normal,"{'f1': 'Norm', 'f2': 'Lvl', 'f3': 'Norm'}",moderate
1393,68,7838,Pave,Reg,AllPub,85,RL,Inside,Gtl,NAmes,1Fam,SFoyer,5,5,1967,1967,Gable,CompShg,HdBoard,HdBoard,None,0,TA,TA,CBlock,TA,TA,Av,ALQ,769,Unf,0,95,864,GasA,TA,Y,SBrkr,900,0,0,900,1,0,1,0,3,1,TA,6,Typ,1,Po,Attchd,1967,RFn,1,288,TA,TA,Y,175,144,0,0,0,0,,MnWw,,0,12,2006,WD,Normal,"{'f1': 'Norm', 'f2': 'Lvl', 'f3': 'Artery'}",moderate
1394,60,10800,Pave,Reg,AllPub,190,RM,Inside,Gtl,OldTown,2fmCon,1.5Fin,6,7,1905,2000,Gable,CompShg,Wd Sdng,Wd Sdng,None,0,TA,TA,BrkTil,Fa,TA,No,Unf,0,Unf,0,482,482,GasA,Ex,N,SBrkr,1221,691,0,1912,0,0,2,0,3,2,TA,7,Typ,1,TA,Detchd,2003,Unf,2,672,Gd,TA,Y,0,25,212,0,0,0,,,,0,4,2008,WD,Normal,"{'f1': 'Norm', 'f2': 'Lvl', 'f3': 'Norm'}",moderate
1395,53,4045,Pave,Reg,AllPub,120,RL,Inside,Gtl,Blmngtn,TwnhsE,1Story,7,5,2006,2006,Hip,CompShg,VinylSd,VinylSd,BrkFace,45,Gd,TA,PConc,Gd,TA,Av,GLQ,1070,Unf,0,286,1356,GasA,Ex,Y,SBrkr,1500,0,0,1500,1,0,2,0,2,1,Gd,6,Typ,1,Gd,Attchd,2006,Fin,3,648,TA,TA,Y,161,20,0,0,0,0,,,,0,10,2006,New,Partial,"{'f1': 'Feedr', 'f2': 'Lvl', 'f3': 'RRAn'}",moderate
1396,88,12665,Pave,IR1,AllPub,60,RL,Inside,Gtl,Timber,1Fam,2Story,8,5,2005,2006,Hip,CompShg,VinylSd,VinylSd,BrkFace,245,Gd,TA,PConc,Gd,Gd,Gd,Unf,0,Unf,0,1094,1094,GasA,Ex,Y,SBrkr,1133,1349,0,2482,0,0,2,1,4,1,Gd,9,Typ,1,Gd,BuiltIn,2005,Fin,3,642,TA,TA,Y,144,39,0,0,0,0,,,,0,2,2007,WD,Normal,"{'f1': 'Norm', 'f2': 'Lvl', 'f3': 'Artery'}",moderate
1397,,57200,Pave,IR1,AllPub,20,RL,Inside,Sev,Timber,1Fam,1Story,5,5,1948,1950,Gable,CompShg,Wd Sdng,Wd Sdng,None,0,TA,TA,CBlock,TA,TA,Av,BLQ,353,Rec,334,60,747,GasA,TA,Y,SBrkr,1687,0,0,1687,1,0,1,0,3,1,TA,7,Min1,2,TA,Detchd,1966,Unf,2,572,TA,TA,N,0,0,50,0,0,0,,,,0,6,2010,WD,Normal,"{'f1': 'Norm', 'f2': 'Lvl', 'f3': 'Norm'}",moderate
1398,51,6120,Pave,Reg,AllPub,70,RM,Inside,Gtl,BrkSide,1Fam,2Story,5,8,1920,2004,Gable,CompShg,MetalSd,MetalSd,None,0,TA,TA,BrkTil,TA,TA,Mn,Unf,0,Unf,0,939,939,GasA,Ex,Y,SBrkr,939,574,0,1513,0,0,1,1,4,1,TA,8,Typ,0,,Detchd,1933,Unf,1,180,Fa,Fa,N,24,0,150,0,0,0,,,,0,5,2007,WD,Normal,"{'f1': 'Norm', 'f2': 'Lvl', 'f3': 'Norm'}",moderate
1399,60,7200,Pave,Reg,AllPub,50,RL,Inside,Gtl,NAmes,1Fam,1.5Fin,5,4,1950,1982,Gable,CompShg,VinylSd,Wd Sdng,None,0,TA,TA,CBlock,TA,TA,No,Rec,180,BLQ,352,676,1208,GasA,Gd,Y,FuseA,1136,768,0,1904,1,0,1,1,3,1,TA,7,Min1,0,,Attchd,1950,Unf,1,240,TA,TA,Y,0,0,168,0,0,0,,GdPrv,,0,5,2009,WD,Normal,"{'f1': 'Norm', 'f2': 'Bnk', 'f3': 'Feedr'}",moderate
1400,51,6171,Pave,Reg,AllPub,50,RL,Inside,Gtl,SWISU,1Fam,1.5Fin,6,6,1925,1990,Gable,CompShg,WdShing,Wd Shng,None,0,TA,TA,BrkTil,TA,TA,No,BLQ,264,Unf,0,712,976,GasA,Ex,Y,SBrkr,1160,448,0,1608,0,0,2,1,3,1,Gd,7,Typ,1,Gd,Detchd,1925,Unf,1,216,Fa,TA,Y,147,16,0,0,0,0,,MnPrv,,0,10,2009,WD,Normal,"{'f1': 'Norm', 'f2': 'Lvl', 'f3': 'Norm'}",moderate
1401,50,6000,Pave,Reg,AllPub,50,RM,Corner,Gtl,BrkSide,1Fam,1.5Fin,6,7,1929,1950,Gable,CompShg,WdShing,Wd Shng,None,0,TA,TA,BrkTil,TA,TA,No,Unf,0,Unf,0,862,862,GasA,TA,Y,SBrkr,950,208,0,1158,0,0,1,0,3,1,TA,5,Typ,1,Gd,BuiltIn,1929,RFn,1,208,TA,TA,Y,0,0,112,0,0,0,,,,0,7,2008,WD,Normal,"{'f1': 'Norm', 'f2': 'Bnk', 'f3': 'Norm'}",moderate
1402,62,7415,Pave,IR1,AllPub,60,RL,Inside,Gtl,Gilbert,1Fam,2Story,6,5,2004,2004,Gable,CompShg,VinylSd,VinylSd,None,0,TA,TA,PConc,TA,TA,No,GLQ,759,Unf,0,80,839,GasA,Ex,Y,SBrkr,864,729,0,1593,1,0,2,1,3,1,TA,8,Typ,1,TA,Attchd,2004,Fin,2,398,TA,TA,Y,100,75,0,0,0,0,,,,0,4,2008,WD,Normal,"{'f1': 'Norm', 'f2': 'Lvl', 'f3': 'Norm'}",moderate
1403,64,6762,Pave,Reg,AllPub,20,RL,Inside,Gtl,CollgCr,1Fam,1Story,7,5,2006,2006,Gable,CompShg,VinylSd,VinylSd,None,0,Gd,TA,PConc,Gd,Gd,Av,Unf,0,Unf,0,1286,1286,GasA,Ex,Y,SBrkr,1294,0,0,1294,0,0,2,0,2,1,Gd,6,Typ,1,Gd,Attchd,2006,RFn,2,662,TA,TA,Y,168,55,0,0,0,0,,,,0,7,2006,New,Partial,"{'f1': 'Norm', 'f2': 'Lvl', 'f3': 'Norm'}",moderate
1404,49,15256,Pave,IR1,AllPub,20,RL,CulDSac,Gtl,Somerst,1Fam,1Story,8,5,2007,2007,Gable,CompShg,VinylSd,VinylSd,Stone,84,Gd,TA,PConc,Gd,TA,Gd,GLQ,929,Unf,0,556,1485,GasA,Ex,Y,SBrkr,1464,0,0,1464,1,0,2,0,3,1,Gd,6,Typ,0,,Attchd,2007,Unf,3,754,TA,TA,Y,168,160,0,0,0,0,,,,0,8,2007,WD,Normal,"{'f1': 'Norm', 'f2': 'Lvl', 'f3': 'Norm'}",moderate
1405,60,10410,Pave,Reg,AllPub,50,RL,Corner,Gtl,OldTown,1Fam,1.5Fin,3,4,1915,1950,Gable,CompShg,Wd Sdng,Wd Sdng,None,0,TA,TA,PConc,TA,TA,No,Unf,0,Unf,0,672,672,GasA,TA,Y,SBrkr,694,520,0,1214,0,0,1,0,3,1,TA,6,Typ,0,,Detchd,1998,Unf,3,936,TA,TA,Y,216,0,160,0,0,0,,MnPrv,,0,1,2006,WD,Family,"{'f1': 'Norm', 'f2': 'Lvl', 'f3': 'Norm'}",cheap
1406,44,3842,Pave,IR1,AllPub,120,RM,Inside,Mod,Crawfor,TwnhsE,1Story,8,5,2004,2005,Hip,CompShg,CemntBd,CmentBd,Stone,174,Gd,TA,PConc,Ex,TA,Gd,GLQ,1373,Unf,0,221,1594,GasA,Ex,Y,SBrkr,1646,0,0,1646,1,1,2,0,2,1,Gd,5,Typ,1,Gd,Attchd,2004,Fin,2,482,TA,TA,Y,128,53,0,0,155,0,,,,0,1,2008,WD,Normal,"{'f1': 'Norm', 'f2': 'Lvl', 'f3': 'Norm'}",moderate
1407,70,8445,Pave,Reg,AllPub,85,RL,Corner,Gtl,CollgCr,1Fam,SFoyer,5,7,1972,2007,Gable,CompShg,HdBoard,Wd Shng,None,0,TA,TA,CBlock,Gd,TA,Av,GLQ,656,Unf,0,112,768,GasA,TA,Y,SBrkr,768,0,0,768,1,0,1,0,2,1,TA,5,Typ,0,,Detchd,1988,Unf,2,396,TA,TA,Y,58,0,0,0,0,0,,MnPrv,,0,3,2009,WD,Normal,"{'f1': 'Norm', 'f2': 'Lvl', 'f3': 'Norm'}",moderate
1408,,8780,Pave,IR1,AllPub,20,RL,Corner,Gtl,Mitchel,1Fam,1Story,5,5,1985,1985,Gable,CompShg,HdBoard,Plywood,None,0,TA,TA,CBlock,TA,TA,No,ALQ,625,Unf,0,208,833,GasA,Ex,Y,SBrkr,833,0,0,833,1,0,1,0,3,1,TA,5,Typ,0,,,,,0,0,,,Y,0,0,0,0,0,0,,MnPrv,,0,3,2009,WD,Normal,"{'f1': 'Norm', 'f2': 'Lvl', 'f3': 'Artery'}",cheap
1409,60,7740,Pave,Reg,AllPub,70,RM,Inside,Gtl,OldTown,1Fam,2Story,4,7,1910,1950,Gable,CompShg,VinylSd,VinylSd,None,0,TA,TA,CBlock,Fa,TA,No,Unf,0,Unf,0,622,622,GasA,Gd,Y,SBrkr,741,622,0,1363,0,0,1,0,3,1,TA,6,Typ,0,,Detchd,1966,Unf,2,528,TA,TA,Y,0,0,0,0,168,0,,,,0,6,2010,WD,Normal,"{'f1': 'Norm', 'f2': 'Lvl', 'f3': 'Norm'}",moderate
1410,46,20544,Pave,IR1,AllPub,60,RL,CulDSac,Gtl,NWAmes,1Fam,2Story,7,6,1986,1991,Gable,CompShg,Plywood,Plywood,BrkFace,123,TA,Gd,CBlock,Gd,TA,No,Unf,0,Unf,0,791,791,GasA,Gd,Y,SBrkr,1236,857,0,2093,0,0,2,1,3,1,TA,7,Typ,1,TA,Attchd,1986,Fin,2,542,TA,TA,Y,364,63,0,0,0,0,,MnPrv,,0,11,2008,WD,Normal,"{'f1': 'Norm', 'f2': 'Lvl', 'f3': 'Norm'}",moderate
1411,79,12420,Pave,Reg,AllPub,60,RL,Inside,Gtl,CollgCr,1Fam,2Story,7,5,2001,2001,Gable,CompShg,VinylSd,VinylSd,None,0,Gd,TA,PConc,Gd,TA,No,GLQ,666,Unf,0,278,944,GasA,Ex,Y,SBrkr,944,896,0,1840,1,0,2,1,3,1,Gd,6,Typ,0,,Attchd,2001,RFn,2,622,TA,TA,Y,0,45,0,0,0,0,,,,0,6,2009,WD,Normal,"{'f1': 'Norm', 'f2': 'Lvl', 'f3': 'Norm'}",moderate
1412,80,9600,Pave,Reg,AllPub,50,RL,Inside,Gtl,NAmes,1Fam,1.5Fin,6,8,1950,2005,Gable,CompShg,VinylSd,VinylSd,None,0,TA,Gd,CBlock,TA,TA,No,BLQ,120,Unf,0,736,856,GasA,Ex,Y,SBrkr,1112,556,0,1668,0,0,1,1,3,1,TA,6,Min2,0,,Attchd,1950,Unf,1,271,TA,TA,Y,0,0,0,0,0,0,,MnPrv,,0,9,2009,WD,Normal,"{'f1': 'Norm', 'f2': 'Lvl', 'f3': 'Norm'}",moderate
1413,60,7200,Pave,Reg,AllPub,90,RL,Inside,Gtl,NAmes,Duplex,1Story,4,5,1949,1950,Gable,CompShg,BrkFace,Stone,None,0,TA,TA,Slab,,,,,0,,0,0,0,Wall,Fa,N,FuseF,1040,0,0,1040,0,0,2,0,2,2,TA,6,Typ,0,,Detchd,1956,Unf,2,420,TA,TA,Y,0,0,0,0,0,0,,,,0,6,2009,WD,Normal,"{'f1': 'Norm', 'f2': 'Lvl', 'f3': 'Artery'}",cheap
1414,88,10994,Pave,IR1,AllPub,20,RL,Corner,Gtl,SawyerW,1Fam,1Story,8,5,2005,2006,Gable,CompShg,VinylSd,VinylSd,Stone,366,Gd,TA,PConc,Gd,Gd,No,GLQ,976,Unf,0,868,1844,GasA,Ex,Y,SBrkr,1844,0,0,1844,1,0,2,0,2,1,Gd,7,Typ,1,Gd,Attchd,2005,Fin,2,620,TA,TA,Y,165,44,0,0,0,0,,,,0,9,2009,COD,Abnorml,"{'f1': 'Norm', 'f2': 'Lvl', 'f3': 'Norm'}",moderate
1415,64,13053,Pave,Reg,AllPub,50,RL,Inside,Gtl,BrkSide,1Fam,1.5Fin,6,7,1923,2000,Gambrel,CompShg,Wd Sdng,Wd Sdng,None,0,TA,TA,BrkTil,TA,TA,No,Unf,0,Unf,0,833,833,GasA,Gd,Y,SBrkr,1053,795,0,1848,0,0,1,1,4,1,Gd,8,Typ,1,Gd,Detchd,1922,Unf,2,370,TA,TA,N,0,0,0,0,220,0,,,,0,6,2008,WD,Normal,"{'f1': 'Norm', 'f2': 'Lvl', 'f3': 'Norm'}",moderate
1416,51,3635,Pave,Reg,AllPub,120,RL,Inside,Gtl,Blmngtn,TwnhsE,1Story,7,5,2007,2007,Hip,CompShg,VinylSd,VinylSd,BrkFace,130,Gd,TA,PConc,Gd,TA,No,ALQ,988,Unf,0,398,1386,GasA,Ex,Y,SBrkr,1569,0,0,1569,0,1,2,0,1,1,Gd,7,Typ,1,TA,Attchd,2007,RFn,3,660,TA,TA,Y,143,20,0,0,0,0,,,,0,5,2009,WD,Normal,"{'f1': 'Norm', 'f2': 'Lvl', 'f3': 'Norm'}",moderate
1417,60,11340,Pave,Reg,AllPub,190,RM,Inside,Gtl,OldTown,2fmCon,2Story,4,6,1885,1950,Gable,CompShg,VinylSd,AsbShng,None,0,TA,TA,PConc,TA,TA,No,Unf,0,Unf,0,777,777,GasA,Gd,Y,SBrkr,1246,1044,0,2290,0,0,2,0,4,2,TA,11,Typ,0,,Detchd,1971,Unf,2,560,TA,TA,N,0,0,114,0,0,0,,,,0,4,2010,WD,Normal,"{'f1': 'Norm', 'f2': 'Lvl', 'f3': 'RRAe'}",moderate
1418,,16545,Pave,IR1,AllPub,60,RL,Inside,Gtl,NoRidge,1Fam,2Story,8,5,1998,1998,Gable,CompShg,VinylSd,VinylSd,BrkFace,731,Gd,TA,PConc,Gd,TA,Mn,GLQ,781,Unf,0,503,1284,GasA,Ex,Y,SBrkr,1310,1140,0,2450,1,0,2,1,3,1,Gd,7,Typ,1,TA,Attchd,1998,Fin,3,1069,TA,TA,Y,0,126,0,0,0,0,,,,0,5,2009,WD,Normal,"{'f1': 'Norm', 'f2': 'Lvl', 'f3': 'Norm'}",expensive
1419,71,9204,Pave,Reg,AllPub,20,RL,Inside,Gtl,NAmes,1Fam,1Story,5,5,1963,1963,Gable,CompShg,HdBoard,HdBoard,None,0,TA,TA,CBlock,TA,TA,No,BLQ,25,Rec,872,247,1144,GasA,TA,Y,SBrkr,1144,0,0,1144,1,0,1,1,3,1,TA,6,Typ,0,,Detchd,1962,Unf,1,336,TA,TA,Y,0,88,0,0,0,0,,,,0,8,2008,COD,Normal,"{'f1': 'Norm', 'f2': 'Low', 'f3': 'Norm'}",moderate
1420,,16381,Pave,IR1,AllPub,20,RL,Inside,Gtl,Crawfor,1Fam,1Story,6,5,1969,1969,Gable,CompShg,Plywood,Plywood,BrkFace,312,Gd,Gd,CBlock,TA,TA,Av,Rec,1110,Unf,0,734,1844,GasA,Gd,Y,SBrkr,1844,0,0,1844,1,0,2,0,3,1,Gd,7,Typ,1,TA,Attchd,1969,RFn,2,540,TA,TA,Y,0,73,216,0,0,0,,,,0,12,2006,WD,Normal,"{'f1': 'Norm', 'f2': 'Lvl', 'f3': 'Norm'}",moderate
1421,90,11700,Pave,Reg,AllPub,60,RL,Corner,Gtl,NWAmes,1Fam,2Story,6,6,1968,1968,Gable,CompShg,HdBoard,HdBoard,BrkFace,420,TA,TA,CBlock,TA,TA,No,ALQ,404,Unf,0,304,708,GasA,Gd,Y,SBrkr,708,708,0,1416,0,0,2,1,3,1,TA,7,Typ,1,TA,Attchd,1968,RFn,2,776,TA,TA,Y,0,169,0,0,119,0,,,,0,5,2006,WD,Normal,"{'f1': 'Norm', 'f2': 'Lvl', 'f3': 'Norm'}",moderate
1422,53,4043,Pave,Reg,AllPub,120,RL,Inside,Gtl,NPkVill,TwnhsE,1Story,6,5,1977,1977,Gable,CompShg,Plywood,Plywood,None,0,TA,TA,CBlock,Gd,TA,No,ALQ,360,Unf,0,709,1069,GasA,TA,Y,SBrkr,1069,0,0,1069,0,0,2,0,2,1,TA,4,Typ,1,Fa,Attchd,1977,RFn,2,440,TA,TA,Y,0,55,0,0,165,0,,,,0,7,2010,WD,Normal,"{'f1': 'Norm', 'f2': 'Lvl', 'f3': 'Norm'}",moderate
1423,37,4435,Pave,Reg,AllPub,120,RM,Inside,Gtl,CollgCr,TwnhsE,1Story,6,5,2003,2003,Gable,CompShg,VinylSd,VinylSd,BrkFace,170,Gd,TA,PConc,Gd,TA,Av,GLQ,686,Unf,0,162,848,GasA,Ex,Y,SBrkr,848,0,0,848,1,0,1,0,1,1,Gd,3,Typ,0,,Attchd,2003,Fin,2,420,TA,TA,Y,140,0,0,0,0,0,,,,0,3,2008,WD,Normal,"{'f1': 'Norm', 'f2': 'Lvl', 'f3': 'Norm'}",moderate
1424,,19690,Pave,IR1,AllPub,80,RL,CulDSac,Gtl,Edwards,1Fam,SLvl,6,7,1966,1966,Flat,Tar&Grv,Plywood,Plywood,None,0,Gd,Gd,CBlock,Gd,TA,Av,Unf,0,Unf,0,697,697,GasA,TA,Y,SBrkr,1575,626,0,2201,0,0,2,0,4,1,Gd,8,Typ,1,Gd,Attchd,1966,Unf,2,432,Gd,Gd,Y,586,236,0,0,0,738,Gd,GdPrv,,0,8,2006,WD,Alloca,"{'f1': 'Norm', 'f2': 'Lvl', 'f3': 'Norm'}",moderate
1425,,9503,Pave,Reg,AllPub,20,RL,Inside,Gtl,NAmes,1Fam,1Story,5,5,1958,1983,Hip,CompShg,HdBoard,HdBoard,None,0,TA,TA,CBlock,TA,TA,No,ALQ,457,Rec,374,193,1024,GasA,TA,Y,SBrkr,1344,0,0,1344,1,0,1,0,2,1,TA,6,Min1,1,TA,Detchd,1970,Unf,1,484,TA,TA,Y,316,28,0,0,0,0,,GdWo,,0,6,2007,WD,Normal,"{'f1': 'Norm', 'f2': 'Lvl', 'f3': 'Norm'}",moderate
1426,80,10721,Pave,IR1,AllPub,20,RL,Inside,Gtl,NAmes,1Fam,1Story,6,6,1959,1959,Hip,CompShg,HdBoard,HdBoard,Stone,243,Gd,TA,CBlock,TA,TA,No,Unf,0,Unf,0,1252,1252,GasA,Ex,Y,SBrkr,1252,0,0,1252,0,0,1,0,3,1,Gd,7,Typ,0,,Detchd,1960,Unf,2,528,TA,TA,Y,0,39,0,0,0,0,,,,0,10,2008,WD,Normal,"{'f1': 'Norm', 'f2': 'Lvl', 'f3': 'Norm'}",moderate
1427,81,10944,Pave,IR1,AllPub,60,RL,Inside,Gtl,NoRidge,1Fam,2Story,7,5,1994,1994,Gable,CompShg,VinylSd,VinylSd,BrkFace,448,Gd,TA,PConc,Gd,TA,No,GLQ,1000,Unf,0,223,1223,GasA,Ex,Y,SBrkr,1223,904,0,2127,1,0,2,1,3,1,Gd,5,Typ,2,TA,Attchd,1994,RFn,2,525,TA,TA,Y,171,132,0,0,0,0,,,,0,8,2008,WD,Normal,"{'f1': 'Norm', 'f2': 'Lvl', 'f3': 'Norm'}",moderate
1428,60,10930,Pave,Reg,AllPub,50,RL,Inside,Gtl,NAmes,1Fam,1.5Fin,5,6,1945,1950,Gable,CompShg,MetalSd,MetalSd,None,0,TA,TA,CBlock,TA,TA,No,BLQ,580,Unf,0,333,913,GasA,TA,Y,FuseA,1048,510,0,1558,1,0,1,1,3,1,TA,6,Typ,1,TA,Attchd,1962,Unf,1,288,TA,TA,Y,0,0,0,0,0,0,,,,0,4,2008,WD,Normal,"{'f1': 'Norm', 'f2': 'Lvl', 'f3': 'Norm'}",moderate
1429,60,7200,Pave,Reg,AllPub,30,RM,Corner,Gtl,OldTown,1Fam,1Story,5,7,1940,1992,Gable,CompShg,MetalSd,MetalSd,Stone,294,TA,Gd,CBlock,TA,TA,No,BLQ,510,Unf,0,278,788,GasA,TA,Y,SBrkr,804,0,0,804,1,0,1,0,2,1,Gd,4,Typ,2,Gd,Attchd,1940,Unf,1,240,TA,TA,Y,0,0,154,0,0,0,,MnPrv,,0,2,2010,WD,Abnorml,"{'f1': 'Norm', 'f2': 'Lvl', 'f3': 'Norm'}",cheap
1430,,12546,Pave,IR1,AllPub,20,RL,Corner,Gtl,NWAmes,1Fam,1Story,6,7,1981,1981,Gable,CompShg,MetalSd,MetalSd,BrkFace,310,Gd,Gd,CBlock,Gd,TA,No,BLQ,678,Unf,0,762,1440,GasA,Ex,Y,SBrkr,1440,0,0,1440,0,0,2,0,3,1,Gd,7,Typ,1,TA,Attchd,1981,Fin,2,467,TA,TA,Y,0,0,99,0,0,0,,,,0,4,2007,WD,Normal,"{'f1': 'Norm', 'f2': 'Lvl', 'f3': 'Norm'}",moderate
1431,60,21930,Pave,IR3,AllPub,60,RL,Inside,Gtl,Gilbert,1Fam,2Story,5,5,2005,2005,Gable,CompShg,VinylSd,VinylSd,None,0,Gd,TA,PConc,Gd,Gd,Av,Unf,0,Unf,0,732,732,GasA,Ex,Y,SBrkr,734,1104,0,1838,0,0,2,1,4,1,TA,7,Typ,1,Gd,BuiltIn,2005,Fin,2,372,TA,TA,Y,100,40,0,0,0,0,,,,0,7,2006,WD,Normal,"{'f1': 'Norm', 'f2': 'Lvl', 'f3': 'Norm'}",moderate
1432,,4928,Pave,IR1,AllPub,120,RL,Inside,Gtl,NPkVill,TwnhsE,1Story,6,6,1976,1976,Gable,CompShg,Plywood,Plywood,None,0,TA,TA,CBlock,Gd,TA,No,LwQ,958,Unf,0,0,958,GasA,TA,Y,SBrkr,958,0,0,958,0,0,2,0,2,1,TA,5,Typ,0,,Attchd,1976,RFn,2,440,TA,TA,Y,0,60,0,0,0,0,,,,0,10,2009,WD,Normal,"{'f1': 'Norm', 'f2': 'Lvl', 'f3': 'Norm'}",moderate
1433,60,10800,Pave,Reg,AllPub,30,RL,Inside,Gtl,OldTown,1Fam,1Story,4,6,1927,2007,Gable,CompShg,Wd Sdng,Wd Sdng,None,0,TA,TA,BrkTil,TA,TA,No,Unf,0,Unf,0,656,656,GasA,TA,Y,SBrkr,968,0,0,968,0,0,2,0,4,1,TA,5,Typ,0,,Detchd,1928,Unf,1,216,Fa,Fa,Y,0,0,0,0,0,0,,,,0,8,2007,WD,Normal,"{'f1': 'Norm', 'f2': 'Lvl', 'f3': 'RRAn'}",cheap
1434,93,10261,Pave,IR1,AllPub,60,RL,Inside,Gtl,Gilbert,1Fam,2Story,6,5,2000,2000,Gable,CompShg,VinylSd,VinylSd,BrkFace,318,TA,TA,PConc,Gd,TA,No,Unf,0,Unf,0,936,936,GasA,Ex,Y,SBrkr,962,830,0,1792,1,0,2,1,3,1,TA,8,Typ,1,TA,Attchd,2000,Fin,2,451,TA,TA,Y,0,0,0,0,0,0,,,,0,5,2008,WD,Normal,"{'f1': 'Norm', 'f2': 'Lvl', 'f3': 'Norm'}",moderate
1435,80,17400,Pave,Reg,AllPub,20,RL,Inside,Mod,Mitchel,1Fam,1Story,5,5,1977,1977,Gable,CompShg,BrkFace,BrkFace,None,0,TA,TA,CBlock,TA,TA,No,ALQ,936,Unf,0,190,1126,GasA,Fa,Y,SBrkr,1126,0,0,1126,1,0,2,0,3,1,TA,5,Typ,1,Gd,Attchd,1977,RFn,2,484,TA,TA,P,295,41,0,0,0,0,,,,0,5,2006,WD,Normal,"{'f1': 'Norm', 'f2': 'Lvl', 'f3': 'Norm'}",moderate
1436,80,8400,Pave,Reg,AllPub,20,RL,Inside,Gtl,NAmes,1Fam,1Story,6,9,1962,2005,Gable,CompShg,Wd Sdng,Wd Sdng,BrkFace,237,Gd,Gd,CBlock,TA,TA,No,Unf,0,Unf,0,1319,1319,GasA,TA,Y,SBrkr,1537,0,0,1537,1,0,1,1,3,1,Gd,7,Typ,1,Gd,Attchd,1962,RFn,2,462,TA,TA,Y,0,36,0,0,0,0,,GdPrv,,0,7,2008,COD,Abnorml,"{'f1': 'Norm', 'f2': 'Lvl', 'f3': 'Norm'}",moderate
1437,60,9000,Pave,Reg,AllPub,20,RL,FR2,Gtl,NAmes,1Fam,1Story,4,6,1971,1971,Gable,CompShg,HdBoard,HdBoard,None,0,TA,TA,PConc,TA,TA,No,ALQ,616,Unf,0,248,864,GasA,TA,Y,SBrkr,864,0,0,864,0,0,1,0,3,1,TA,5,Typ,0,,Detchd,1974,Unf,2,528,TA,TA,Y,0,0,0,0,0,0,,GdWo,,0,5,2007,WD,Normal,"{'f1': 'Norm', 'f2': 'Lvl', 'f3': 'Norm'}",moderate
1438,96,12444,Pave,Reg,AllPub,20,RL,FR2,Gtl,NridgHt,1Fam,1Story,8,5,2008,2008,Hip,CompShg,VinylSd,VinylSd,Stone,426,Ex,TA,PConc,Ex,TA,Av,GLQ,1336,Unf,0,596,1932,GasA,Ex,Y,SBrkr,1932,0,0,1932,1,0,2,0,2,1,Ex,7,Typ,1,Gd,Attchd,2008,Fin,3,774,TA,TA,Y,0,66,0,304,0,0,,,,0,11,2008,New,Partial,"{'f1': 'Norm', 'f2': 'Lvl', 'f3': 'Norm'}",expensive
1439,90,7407,Pave,Reg,AllPub,20,RM,Inside,Gtl,OldTown,1Fam,1Story,6,7,1957,1996,Gable,CompShg,MetalSd,MetalSd,None,0,TA,TA,CBlock,TA,TA,No,GLQ,600,Unf,0,312,912,GasA,TA,Y,FuseA,1236,0,0,1236,1,0,1,0,2,1,TA,6,Typ,0,,Attchd,1957,Unf,2,923,TA,TA,Y,0,158,158,0,0,0,,MnPrv,,0,4,2010,WD,Normal,"{'f1': 'Norm', 'f2': 'Lvl', 'f3': 'Feedr'}",moderate
1440,80,11584,Pave,Reg,AllPub,60,RL,Inside,Gtl,NWAmes,1Fam,SLvl,7,6,1979,1979,Hip,CompShg,HdBoard,HdBoard,BrkFace,96,TA,TA,CBlock,TA,TA,No,GLQ,315,Rec,110,114,539,GasA,TA,Y,SBrkr,1040,685,0,1725,0,0,2,1,3,1,TA,6,Typ,1,TA,Attchd,1979,RFn,2,550,TA,TA,Y,0,88,216,0,0,0,,,,0,11,2007,WD,Normal,"{'f1': 'Norm', 'f2': 'Lvl', 'f3': 'Norm'}",moderate
1441,79,11526,Pave,IR1,AllPub,70,RL,Inside,Mod,Crawfor,1Fam,2.5Fin,6,7,1922,1994,Gable,CompShg,MetalSd,MetalSd,None,0,TA,TA,BrkTil,Ex,TA,No,Unf,0,Unf,0,588,588,GasA,Fa,Y,SBrkr,1423,748,384,2555,0,0,2,0,3,1,TA,11,Min1,1,Gd,Detchd,1993,Fin,2,672,TA,TA,Y,431,0,0,0,0,0,,,,0,9,2008,WD,Normal,"{'f1': 'Norm', 'f2': 'Lvl', 'f3': 'Norm'}",moderate
1442,,4426,Pave,Reg,AllPub,120,RM,Inside,Gtl,CollgCr,TwnhsE,1Story,6,5,2004,2004,Gable,CompShg,VinylSd,VinylSd,BrkFace,147,Gd,TA,PConc,Gd,TA,Av,GLQ,697,Unf,0,151,848,GasA,Ex,Y,SBrkr,848,0,0,848,1,0,1,0,1,1,Gd,3,Typ,1,TA,Attchd,2004,RFn,2,420,TA,TA,Y,149,0,0,0,0,0,,,,0,5,2008,WD,Normal,"{'f1': 'Norm', 'f2': 'Lvl', 'f3': 'Norm'}",moderate
1443,85,11003,Pave,Reg,AllPub,60,FV,Inside,Gtl,Somerst,1Fam,2Story,10,5,2008,2008,Gable,CompShg,VinylSd,VinylSd,Stone,160,Ex,TA,PConc,Ex,TA,Av,GLQ,765,Unf,0,252,1017,GasA,Ex,Y,SBrkr,1026,981,0,2007,1,0,2,1,3,1,Ex,10,Typ,1,Ex,Attchd,2008,Fin,3,812,TA,TA,Y,168,52,0,0,0,0,,,,0,4,2009,WD,Normal,"{'f1': 'Norm', 'f2': 'Lvl', 'f3': 'Norm'}",moderate
1444,,8854,Pave,Reg,AllPub,30,RL,Inside,Gtl,BrkSide,1Fam,1.5Unf,6,6,1916,1950,Gable,CompShg,Wd Sdng,Wd Sdng,None,0,TA,TA,BrkTil,TA,TA,No,Unf,0,Unf,0,952,952,Grav,Fa,N,FuseF,952,0,0,952,0,0,1,0,2,1,Fa,4,Typ,1,Gd,Detchd,1916,Unf,1,192,Fa,Po,P,0,98,0,0,40,0,,,,0,5,2009,WD,Normal,"{'f1': 'Norm', 'f2': 'Lvl', 'f3': 'Norm'}",moderate
1445,63,8500,Pave,Reg,AllPub,20,RL,FR2,Gtl,CollgCr,1Fam,1Story,7,5,2004,2004,Gable,CompShg,VinylSd,VinylSd,BrkFace,106,Gd,TA,PConc,Gd,TA,Av,Unf,0,Unf,0,1422,1422,GasA,Ex,Y,SBrkr,1422,0,0,1422,0,0,2,0,3,1,Gd,7,Typ,0,,Attchd,2004,RFn,2,626,TA,TA,Y,192,60,0,0,0,0,,,,0,11,2007,WD,Normal,"{'f1': 'Norm', 'f2': 'Lvl', 'f3': 'Norm'}",moderate
1446,70,8400,Pave,Reg,AllPub,85,RL,Inside,Gtl,Sawyer,1Fam,SFoyer,6,5,1966,1966,Gable,CompShg,VinylSd,VinylSd,None,0,TA,TA,CBlock,TA,TA,Gd,LwQ,187,Rec,627,0,814,GasA,Gd,Y,SBrkr,913,0,0,913,1,0,1,0,3,1,TA,6,Typ,0,,Detchd,1990,Unf,1,240,TA,TA,Y,0,0,252,0,0,0,,,,0,5,2007,WD,Normal,"{'f1': 'Norm', 'f2': 'Lvl', 'f3': 'Norm'}",moderate
1447,,26142,Pave,IR1,AllPub,20,RL,CulDSac,Gtl,Mitchel,1Fam,1Story,5,7,1962,1962,Gable,CompShg,HdBoard,HdBoard,BrkFace,189,TA,TA,CBlock,TA,TA,No,Rec,593,Unf,0,595,1188,GasA,TA,Y,SBrkr,1188,0,0,1188,0,0,1,0,3,1,TA,6,Typ,0,,Attchd,1962,Unf,1,312,TA,TA,P,261,39,0,0,0,0,,,,0,4,2010,WD,Normal,"{'f1': 'Norm', 'f2': 'Lvl', 'f3': 'Norm'}",moderate
1448,80,10000,Pave,Reg,AllPub,60,RL,Inside,Gtl,CollgCr,1Fam,2Story,8,5,1995,1996,Gable,CompShg,VinylSd,VinylSd,BrkFace,438,Gd,TA,PConc,Gd,TA,No,GLQ,1079,Unf,0,141,1220,GasA,Ex,Y,SBrkr,1220,870,0,2090,1,0,2,1,3,1,Gd,8,Typ,1,TA,Attchd,1995,RFn,2,556,TA,TA,Y,0,65,0,0,0,0,,,,0,12,2007,WD,Normal,"{'f1': 'Norm', 'f2': 'Lvl', 'f3': 'RRNe'}",moderate
1449,70,11767,Pave,Reg,AllPub,50,RL,Inside,Gtl,Edwards,1Fam,2Story,4,7,1910,2000,Gable,CompShg,MetalSd,HdBoard,None,0,TA,TA,CBlock,Fa,TA,No,Unf,0,Unf,0,560,560,GasA,Gd,N,SBrkr,796,550,0,1346,0,0,1,1,2,1,TA,6,Min2,0,,Detchd,1950,Unf,1,384,Fa,TA,Y,168,24,0,0,0,0,,GdWo,,0,5,2007,WD,Normal,"{'f1': 'Norm', 'f2': 'Lvl', 'f3': 'Norm'}",cheap
1450,21,1533,Pave,Reg,AllPub,180,RM,Inside,Gtl,MeadowV,Twnhs,SFoyer,5,7,1970,1970,Gable,CompShg,CemntBd,CmentBd,None,0,TA,TA,CBlock,Gd,TA,Av,GLQ,553,Unf,0,77,630,GasA,Ex,Y,SBrkr,630,0,0,630,1,0,1,0,1,1,Ex,3,Typ,0,,,,,0,0,,,Y,0,0,0,0,0,0,,,,0,8,2006,WD,Abnorml,"{'f1': 'Norm', 'f2': 'Lvl', 'f3': 'Norm'}",cheap
1451,60,9000,Pave,Reg,AllPub,90,RL,FR2,Gtl,NAmes,Duplex,2Story,5,5,1974,1974,Gable,CompShg,VinylSd,VinylSd,None,0,TA,TA,CBlock,Gd,TA,No,Unf,0,Unf,0,896,896,GasA,TA,Y,SBrkr,896,896,0,1792,0,0,2,2,4,2,TA,8,Typ,0,,,,,0,0,,,Y,32,45,0,0,0,0,,,,0,9,2009,WD,Normal,"{'f1': 'Norm', 'f2': 'Lvl', 'f3': 'Norm'}",moderate
1452,78,9262,Pave,Reg,AllPub,20,RL,Inside,Gtl,Somerst,1Fam,1Story,8,5,2008,2009,Gable,CompShg,CemntBd,CmentBd,Stone,194,Gd,TA,PConc,Gd,TA,No,Unf,0,Unf,0,1573,1573,GasA,Ex,Y,SBrkr,1578,0,0,1578,0,0,2,0,3,1,Ex,7,Typ,1,Gd,Attchd,2008,Fin,3,840,TA,TA,Y,0,36,0,0,0,0,,,,0,5,2009,New,Partial,"{'f1': 'Norm', 'f2': 'Lvl', 'f3': 'Norm'}",moderate
1453,35,3675,Pave,Reg,AllPub,180,RM,Inside,Gtl,Edwards,TwnhsE,SLvl,5,5,2005,2005,Gable,CompShg,VinylSd,VinylSd,BrkFace,80,TA,TA,PConc,Gd,TA,Gd,GLQ,547,Unf,0,0,547,GasA,Gd,Y,SBrkr,1072,0,0,1072,1,0,1,0,2,1,TA,5,Typ,0,,Basment,2005,Fin,2,525,TA,TA,Y,0,28,0,0,0,0,,,,0,5,2006,WD,Normal,"{'f1': 'Norm', 'f2': 'Lvl', 'f3': 'Norm'}",moderate
1454,90,17217,Pave,Reg,AllPub,20,RL,Inside,Gtl,Mitchel,1Fam,1Story,5,5,2006,2006,Gable,CompShg,VinylSd,VinylSd,None,0,TA,TA,PConc,Gd,TA,No,Unf,0,Unf,0,1140,1140,GasA,Ex,Y,SBrkr,1140,0,0,1140,0,0,1,0,3,1,TA,6,Typ,0,,,,,0,0,,,Y,36,56,0,0,0,0,,,,0,7,2006,WD,Abnorml,"{'f1': 'Norm', 'f2': 'Lvl', 'f3': 'Norm'}",cheap
1455,62,7500,Pave,Reg,AllPub,20,FV,Inside,Gtl,Somerst,1Fam,1Story,7,5,2004,2005,Gable,CompShg,VinylSd,VinylSd,None,0,Gd,TA,PConc,Gd,TA,No,GLQ,410,Unf,0,811,1221,GasA,Ex,Y,SBrkr,1221,0,0,1221,1,0,2,0,2,1,Gd,6,Typ,0,,Attchd,2004,RFn,2,400,TA,TA,Y,0,113,0,0,0,0,,,,0,10,2009,WD,Normal,"{'f1': 'Norm', 'f2': 'Lvl', 'f3': 'Norm'}",moderate
1456,62,7917,Pave,Reg,AllPub,60,RL,Inside,Gtl,Gilbert,1Fam,2Story,6,5,1999,2000,Gable,CompShg,VinylSd,VinylSd,None,0,TA,TA,PConc,Gd,TA,No,Unf,0,Unf,0,953,953,GasA,Ex,Y,SBrkr,953,694,0,1647,0,0,2,1,3,1,TA,7,Typ,1,TA,Attchd,1999,RFn,2,460,TA,TA,Y,0,40,0,0,0,0,,,,0,8,2007,WD,Normal,"{'f1': 'Norm', 'f2': 'Lvl', 'f3': 'Norm'}",moderate
1457,85,13175,Pave,Reg,AllPub,20,RL,Inside,Gtl,NWAmes,1Fam,1Story,6,6,1978,1988,Gable,CompShg,Plywood,Plywood,Stone,119,TA,TA,CBlock,Gd,TA,No,ALQ,790,Rec,163,589,1542,GasA,TA,Y,SBrkr,2073,0,0,2073,1,0,2,0,3,1,TA,7,Min1,2,TA,Attchd,1978,Unf,2,500,TA,TA,Y,349,0,0,0,0,0,,MnPrv,,0,2,2010,WD,Normal,"{'f1': 'Norm', 'f2': 'Lvl', 'f3': 'Norm'}",moderate
1458,66,9042,Pave,Reg,AllPub,70,RL,Inside,Gtl,Crawfor,1Fam,2Story,7,9,1941,2006,Gable,CompShg,CemntBd,CmentBd,None,0,Ex,Gd,Stone,TA,Gd,No,GLQ,275,Unf,0,877,1152,GasA,Ex,Y,SBrkr,1188,1152,0,2340,0,0,2,0,4,1,Gd,9,Typ,2,Gd,Attchd,1941,RFn,1,252,TA,TA,Y,0,60,0,0,0,0,,GdPrv,Shed,2500,5,2010,WD,Normal,"{'f1': 'Norm', 'f2': 'Lvl', 'f3': 'Norm'}",moderate
1459,68,9717,Pave,Reg,AllPub,20,RL,Inside,Gtl,NAmes,1Fam,1Story,5,6,1950,1996,Hip,CompShg,MetalSd,MetalSd,None,0,TA,TA,CBlock,TA,TA,Mn,GLQ,49,Rec,1029,0,1078,GasA,Gd,Y,FuseA,1078,0,0,1078,1,0,1,0,2,1,Gd,5,Typ,0,,Attchd,1950,Unf,1,240,TA,TA,Y,366,0,112,0,0,0,,,,0,4,2010,WD,Normal,"{'f1': 'Norm', 'f2': 'Lvl', 'f3': 'Norm'}",moderate
1460,75,9937,Pave,Reg,AllPub,20,RL,Inside,Gtl,Edwards,1Fam,1Story,5,6,1965,1965,Gable,CompShg,HdBoard,HdBoard,None,0,Gd,TA,CBlock,TA,TA,No,BLQ,830,LwQ,290,136,1256,GasA,Gd,Y,SBrkr,1256,0,0,1256,1,0,1,1,3,1,TA,6,Typ,0,,Attchd,1965,Fin,1,276,TA,TA,Y,736,68,0,0,0,0,,,,0,6,2008,WD,Normal,"{'f1': 'Norm', 'f2': 'Low', 'f3': 'Norm'}",moderate
